Bank,Year,Assets,NetProfit,NIC,ROA,Size,NIC_A,GDP,INF,EXC
Akbank T.A.Ş.,2002,24452559.0,685448.0,110008.0,0.0280317491514896,17.012245430985097,0.0044988338439342,6.4355088481566,,1.5058395256917
Akbank T.A.Ş.,2003,29484259.0,1324524.0,197032.0,0.0449230892999549,17.199367085678183,0.0066826166463942,5.7990932017934,,1.49306776
Akbank T.A.Ş.,2004,34913412.0,1020528.0,426569.0,0.0292302568422702,17.368381611343363,0.0122179121307307,9.9254055215426,8.5982616811527,1.4223412301587
Akbank T.A.Ş.,2005,52384532.0,1438294.0,636367.0,0.0274564636751932,17.774121914874183,0.0121479943736063,9.1115774633457,8.17916036802,1.3407909448819
Akbank T.A.Ş.,2006,57272590.0,1600192.0,806921.0,0.0279399272845876,17.863332707723213,0.0140891305945828,7.0676260779544,9.5972421228844,1.4311067729084
Akbank T.A.Ş.,2007,68204750.0,1994294.0,946358.0,0.0292398110102302,18.038024768482217,0.0138752506240401,5.1081851387958,8.7561809097264,1.3015083333333
Akbank T.A.Ş.,2008,85655014.0,1704553.0,1091896.0,0.0199002127301035,18.265838321593066,0.0127476016757174,0.92011821604875,10.444128376489,1.2929075697211
Akbank T.A.Ş.,2009,95309463.0,2725982.0,1279844.0,0.0286013782283087,18.372639660651792,0.013428299349457,-4.8826940134567,6.2509766309063,1.5470646825397
Akbank T.A.Ş.,2010,113182614.0,2856529.0,1309097.0,0.0252382313771265,18.54451312536529,0.0115662375495232,8.5421984780215,8.5664442055297,1.500364
Akbank T.A.Ş.,2011,133551833.0,2394527.0,1578520.0,0.0179295704612305,18.71000022262261,0.0118195307734937,10.979962531414,6.471879671151,1.67
Akbank T.A.Ş.,2012,155853538.0,2949862.0,1735092.0,0.0189271417117268,18.864427265235317,0.0111328367791047,4.8076269705277,8.8915699651216,1.7924972332016
Akbank T.A.Ş.,2013,183737322.0,2942042.0,2163749.0,0.0160122177028355,19.02901769775853,0.0117763172797304,8.4882568867256,7.493090305477,1.9013088
Akbank T.A.Ş.,2014,205450620.0,3159678.0,2358780.0,0.0153792575559032,19.14071627105502,0.0114810069689738,4.6007944759306,8.8545727136432,2.1878581673307
Akbank T.A.Ş.,2015,234808988.0,2994848.0,2354254.0,0.0127544010368121,19.27428292457229,0.0100262516356486,5.8055738647945,7.6708536484588,2.7200162055336
Akbank T.A.Ş.,2016,271016470.0,4528712.0,2397947.0,0.0167100988364286,19.417690151905003,0.0088479751802538,3.323665083597,7.7751341532833,3.0212450199203
Akbank T.A.Ş.,2017,316030868.0,6039069.0,2744763.0,0.0191091112023905,19.571350450324765,0.0086851104683862,7.825857301125,11.144311084076,3.6476845849802
Akbank T.A.Ş.,2018,327642125.0,5689644.0,3450047.0,0.0173654227154093,19.607432488367714,0.010529924990567,3.4681530563351,16.332463898893,4.8134494023904
Akbank T.A.Ş.,2019,360501112.0,5417468.0,4634359.0,0.0150276041312183,19.70300559928924,0.0128553251175547,1.3016236542392,15.176821572002,5.6708297188755
Akbank T.A.Ş.,2020,446100801.0,6267167.0,3865536.0,0.0140487687669496,19.916055495658416,0.0086651626523306,1.8030624719627,12.278957446257,7.0090301587302
Akbank T.A.Ş.,2021,708911295.0,12125908.0,5232526.0,0.0171049722095343,20.37924096383416,0.0073810729733118,11.811094450408,19.596492691332,8.8853682730924
Akbank T.A.Ş.,2022,1075186455.0,60024084.0,10315549.0,0.0558266742673948,20.79575992999756,0.0095941954551501,5.4412251147839,72.308835989121,16.563770238095
Akbank T.A.Ş.,2023,1789174174.0,66478940.0,30832418.0,0.0371562148426137,21.30501999503471,0.0172327649527094,5.045123697229,53.859408759332,23.743790118577
Akbank T.A.Ş.,2024,2515596654.0,42366070.0,69162482.0,0.0168413604512609,21.64577585053256,0.0274934703423246,3.3276230886148,58.506450730034,32.7921452
Aktif Yatırım Bankası A.Ş.,2002,58352.0,4951.0,220.0,0.0848471346312037,10.97424891304846,0.0037702221003564,6.4355088481566,,1.5058395256917
Aktif Yatırım Bankası A.Ş.,2003,67296.0,6622.0,848.0,0.0984010936757013,11.116856078502426,0.0126010461245839,5.7990932017934,,1.49306776
Aktif Yatırım Bankası A.Ş.,2004,72676.0,3317.2399,2595.0,0.0456442278056029,11.193766485222332,0.0357064230282349,9.9254055215426,8.5982616811527,1.4223412301587
Aktif Yatırım Bankası A.Ş.,2005,64199.0,4296.0,2514.0,0.0669169301702518,11.069742913232751,0.0391594884655524,9.1115774633457,8.17916036802,1.3407909448819
Aktif Yatırım Bankası A.Ş.,2006,66792.0,5198.0,2396.0,0.077823691460055,11.109338591873836,0.0358725595879746,7.0676260779544,9.5972421228844,1.4311067729084
Aktif Yatırım Bankası A.Ş.,2007,111680.0,2670.0,2274.0,0.0239075931232091,11.6233929179962,0.0203617478510028,5.1081851387958,8.7561809097264,1.3015083333333
Aktif Yatırım Bankası A.Ş.,2008,251680.0,1599.0,3533.0,0.0063533057851239,12.435913718292104,0.0140376668785759,0.92011821604875,10.444128376489,1.2929075697211
Aktif Yatırım Bankası A.Ş.,2009,578047.0,9308.0,5227.0,0.016102496855792,13.267410459227532,0.0090425173039562,-4.8826940134567,6.2509766309063,1.5470646825397
Aktif Yatırım Bankası A.Ş.,2010,1479392.0,35105.0,28334.0,0.023729342865177,14.207141750523608,0.019152462633298,8.5421984780215,8.5664442055297,1.500364
Aktif Yatırım Bankası A.Ş.,2011,2552810.0,50029.0,112710.0,0.0195976198777033,14.752705271205812,0.0441513469470896,10.979962531414,6.471879671151,1.67
Aktif Yatırım Bankası A.Ş.,2012,3519925.0,82209.0,42422.0,0.0233553271731642,15.073950240529104,0.0120519613344034,4.8076269705277,8.8915699651216,1.7924972332016
Aktif Yatırım Bankası A.Ş.,2013,5104307.0,93822.0,78128.0,0.0183809476976992,15.44559525110071,0.0153062893748358,8.4882568867256,7.493090305477,1.9013088
Aktif Yatırım Bankası A.Ş.,2014,6260724.0,80750.0,35047.0,0.0128978693199061,15.64980639134084,0.005597914873743,4.6007944759306,8.8545727136432,2.1878581673307
Aktif Yatırım Bankası A.Ş.,2015,7560462.0,80864.0,59307.0,0.0106956426736884,15.83844285739962,0.00784436189217,5.8055738647945,7.6708536484588,2.7200162055336
Aktif Yatırım Bankası A.Ş.,2016,9538248.0,111132.0,96882.0,0.0116511963203305,16.070820378760406,0.0101572112614392,3.323665083597,7.7751341532833,3.0212450199203
Aktif Yatırım Bankası A.Ş.,2017,11105683.0,177947.0,165322.0,0.0160230577443998,16.222967517246488,0.0148862523808756,7.825857301125,11.144311084076,3.6476845849802
Aktif Yatırım Bankası A.Ş.,2018,13516742.0,262670.0,88152.0,0.0194329373158117,16.41943962320827,0.0065216899161055,3.4681530563351,16.332463898893,4.8134494023904
Aktif Yatırım Bankası A.Ş.,2019,17856078.0,341683.0,59452.0,0.0191353890815217,16.697854512433203,0.0033295105453728,1.3016236542392,15.176821572002,5.6708297188755
Aktif Yatırım Bankası A.Ş.,2020,21182781.0,450644.0,37720.0,0.0212740716150537,16.868699192634182,0.0017806915909672,1.8030624719627,12.278957446257,7.0090301587302
Aktif Yatırım Bankası A.Ş.,2021,34482593.0,696063.0,82743.0,0.0201859239529927,17.355965203948404,0.0023995585250795,11.811094450408,19.596492691332,8.8853682730924
Aktif Yatırım Bankası A.Ş.,2022,48724775.0,1900416.0,291218.0,0.0390030738982376,17.701698185594545,0.0059767951724764,5.4412251147839,72.308835989121,16.563770238095
Aktif Yatırım Bankası A.Ş.,2023,75277535.0,3863728.0,458381.0,0.051326441547269,18.13669230828446,0.0060892137342169,5.045123697229,53.859408759332,23.743790118577
Aktif Yatırım Bankası A.Ş.,2024,101703128.0,4250788.0,662533.0,0.0417960399408757,18.437568617674607,0.0065143817405498,3.3276230886148,58.506450730034,32.7921452
Alternatifbank A.Ş.,2002,1247543.0,10125.0,8389.0,0.0081159527166598,14.036686574951649,0.0067244175150676,6.4355088481566,,1.5058395256917
Alternatifbank A.Ş.,2003,1167466.0,12483.0,8758.0,0.0106923884721268,13.97034614604546,0.0075017173947678,5.7990932017934,,1.49306776
Alternatifbank A.Ş.,2004,1174332.0,5134.0,12518.0,0.0043718471437378,13.976210033258653,0.0106596771611435,9.9254055215426,8.5982616811527,1.4223412301587
Alternatifbank A.Ş.,2005,1470292.0,20765.0,11668.0,0.0141230449461739,14.200971578484497,0.0079358385953266,9.1115774633457,8.17916036802,1.3407909448819
Alternatifbank A.Ş.,2006,1972076.0,29654.0,17742.0,0.0150369458377871,14.49459735295584,0.0089966106782902,7.0676260779544,9.5972421228844,1.4311067729084
Alternatifbank A.Ş.,2007,2596962.0,63320.0,17753.0,0.0243823359756515,14.76985285826983,0.0068360646016383,5.1081851387958,8.7561809097264,1.3015083333333
Alternatifbank A.Ş.,2008,3745007.0,53016.0,20112.0,0.0141564488397484,15.135934044090588,0.0053703504426026,0.92011821604875,10.444128376489,1.2929075697211
Alternatifbank A.Ş.,2009,3628804.0,61544.0,27228.0,0.0169598578484812,15.104413675367676,0.007503298607475,-4.8826940134567,6.2509766309063,1.5470646825397
Alternatifbank A.Ş.,2010,4258727.0,27723.0,25326.0,0.0065096917459137,15.264480847297,0.0059468474969163,8.5421984780215,8.5664442055297,1.500364
Alternatifbank A.Ş.,2011,6445214.0,28263.0,32106.0,0.0043851142879041,15.678848397838316,0.0049813706728744,10.979962531414,6.471879671151,1.67
Alternatifbank A.Ş.,2012,7969177.0,68148.0,34890.0,0.0085514476588987,15.89109178320111,0.0043781183427096,4.8076269705277,8.8915699651216,1.7924972332016
Alternatifbank A.Ş.,2013,10380417.0,76275.0,37514.0,0.007347970702911,16.15543160830549,0.0036139203270928,8.4882568867256,7.493090305477,1.9013088
Alternatifbank A.Ş.,2014,10658707.0,130064.0,42211.0,0.0122026058132567,16.181887674786093,0.0039602364526954,4.6007944759306,8.8545727136432,2.1878581673307
Alternatifbank A.Ş.,2015,13149663.0,59511.0,62617.0,0.0045256673117782,16.391906688883235,0.0047618710836924,5.8055738647945,7.6708536484588,2.7200162055336
Alternatifbank A.Ş.,2016,16464757.0,8804.0,27857.0,0.0005347178825657,16.616732715104888,0.0016919168621802,3.323665083597,7.7751341532833,3.0212450199203
Alternatifbank A.Ş.,2017,19334153.0,65963.0,52191.0,0.0034117346645596,16.7773836754956,0.0026994200366574,7.825857301125,11.144311084076,3.6476845849802
Alternatifbank A.Ş.,2018,24297937.0,194934.0,56733.0,0.0080226564090605,17.00590200758747,0.0023348895834243,3.4681530563351,16.332463898893,4.8134494023904
Alternatifbank A.Ş.,2019,28944776.0,171780.0,96539.0,0.0059347496764182,17.180900296650304,0.003335282332121,1.3016236542392,15.176821572002,5.6708297188755
Alternatifbank A.Ş.,2020,35598490.0,95390.0,137138.0,0.0026796080395544,17.38781377919235,0.0038523544116618,1.8030624719627,12.278957446257,7.0090301587302
Alternatifbank A.Ş.,2021,48677885.0,100882.0,97464.0,0.0020724400823905,17.70073537813893,0.0020022233915873,11.811094450408,19.596492691332,8.8853682730924
Alternatifbank A.Ş.,2022,57447316.0,1026972.0,144130.0,0.0178767620753596,17.86637884228169,0.0025089074657552,5.4412251147839,72.308835989121,16.563770238095
Alternatifbank A.Ş.,2023,65026767.0,1885431.0,-149074.0,0.0289946907555776,17.990309543093563,-0.0022925021014807,5.045123697229,53.859408759332,23.743790118577
Alternatifbank A.Ş.,2024,82984263.0,448631.0,503574.0,0.0054062178030068,18.234161545374423,0.006068307192172,3.3276230886148,58.506450730034,32.7921452
Anadolubank A.Ş.,2002,1142887.0,16974.0,9827.0,0.0148518619951053,13.949068075247546,0.0085984003667904,6.4355088481566,,1.5058395256917
Anadolubank A.Ş.,2003,1561614.9883,16183.7883,13195.6115,0.0103634944728712,14.261231092635375,0.008449977490524,5.7990932017934,,1.49306776
Anadolubank A.Ş.,2004,1944231.0,43165.0,21249.0,0.0222015799562912,14.480377084103628,0.0109292568629962,9.9254055215426,8.5982616811527,1.4223412301587
Anadolubank A.Ş.,2005,2066819.0,39528.0,26676.0,0.0191250419122332,14.541521268308204,0.0129067905801136,9.1115774633457,8.17916036802,1.3407909448819
Anadolubank A.Ş.,2006,2766464.0,47995.0,44188.0,0.0173488612177855,14.833080528403537,0.015972736316106,7.0676260779544,9.5972421228844,1.4311067729084
Anadolubank A.Ş.,2007,3029698.0,72554.0,41450.0,0.0239476013780911,14.923973502551174,0.0136812315947001,5.1081851387958,8.7561809097264,1.3015083333333
Anadolubank A.Ş.,2008,3383765.0,86852.0,51049.0,0.0256672670826727,15.034499552852427,0.0150864495613613,0.92011821604875,10.444128376489,1.2929075697211
Anadolubank A.Ş.,2009,3829037.0,120310.0,59391.0,0.0314204328660182,15.158123893510158,0.0155106884576983,-4.8826940134567,6.2509766309063,1.5470646825397
Anadolubank A.Ş.,2010,4488740.0,122563.0,62232.0,0.0273045442596363,15.317082596728246,0.0138640242027829,8.5421984780215,8.5664442055297,1.500364
Anadolubank A.Ş.,2011,5781433.0,85230.0,68232.0,0.0147420198417935,15.570162133795948,0.0118019183133316,10.979962531414,6.471879671151,1.67
Anadolubank A.Ş.,2012,6290674.0,166028.0,49582.0,0.0263927203984819,15.654578777149055,0.007881826335302,4.8076269705277,8.8915699651216,1.7924972332016
Anadolubank A.Ş.,2013,7483408.0,92190.0,50997.0,0.0123192534738183,15.828198861162935,0.0068146758802941,8.4882568867256,7.493090305477,1.9013088
Anadolubank A.Ş.,2014,9477048.0,142160.0,66107.0,0.0150004516174234,16.064383433333457,0.0069754843491348,4.6007944759306,8.8545727136432,2.1878581673307
Anadolubank A.Ş.,2015,10967190.0,143830.0,71554.0,0.0131145717362423,16.21041864629365,0.0065243695057713,5.8055738647945,7.6708536484588,2.7200162055336
Anadolubank A.Ş.,2016,12454162.0,175380.0,83852.0,0.0140820394017678,16.33756542219889,0.0067328496289031,3.323665083597,7.7751341532833,3.0212450199203
Anadolubank A.Ş.,2017,15111292.0,156256.0,126481.0,0.0103403468082014,16.530952836880694,0.0083699659830542,7.825857301125,11.144311084076,3.6476845849802
Anadolubank A.Ş.,2018,14262995.0,308530.0,158003.0,0.0216315016586628,16.473178978948113,0.0110778276231604,3.4681530563351,16.332463898893,4.8134494023904
Anadolubank A.Ş.,2019,17557812.0,386527.0,180447.0,0.0220145311955726,16.681009537041106,0.0102773056232747,1.3016236542392,15.176821572002,5.6708297188755
Anadolubank A.Ş.,2020,25394073.0,415313.0,126668.0,0.0163547218281998,17.050026358302553,0.0049880930877059,1.8030624719627,12.278957446257,7.0090301587302
Anadolubank A.Ş.,2021,34685073.0,552304.0,149216.0,0.015923391598455,17.361819979455515,0.0043020235246441,11.811094450408,19.596492691332,8.8853682730924
Anadolubank A.Ş.,2022,39295194.0,1919532.0,386885.0,0.048849027186378,17.486612779285114,0.0098456060555395,5.4412251147839,72.308835989121,16.563770238095
Anadolubank A.Ş.,2023,56310071.0,2931239.0,1333703.0,0.0520553241710528,17.846383958107293,0.0236849816793873,5.045123697229,53.859408759332,23.743790118577
Anadolubank A.Ş.,2024,104260400.0,5305393.0,1264501.0,0.0508859835565564,18.462402173859314,0.0121282960740607,3.3276230886148,58.506450730034,32.7921452
Arap Türk Bankası A.Ş.,2002,290641.0,2873.0,4863.0,0.0098850471887999,12.579844107571796,0.0167319820672238,6.4355088481566,,1.5058395256917
Arap Türk Bankası A.Ş.,2003,296641.0,6268.0,4871.0,0.021129917981668,12.60027793244348,0.0164205217754794,5.7990932017934,,1.49306776
Arap Türk Bankası A.Ş.,2004,330555.0,6025.0,5110.0,0.0182269213897838,12.708528338951966,0.0154588495106714,9.9254055215426,8.5982616811527,1.4223412301587
Arap Türk Bankası A.Ş.,2005,361197.0,4455.0,7003.0,0.0123339894849624,12.797178794842637,0.0193883116415695,9.1115774633457,8.17916036802,1.3407909448819
Arap Türk Bankası A.Ş.,2006,372818.0,5006.0,6460.0,0.0134274632662586,12.828845643889776,0.017327489552543,7.0676260779544,9.5972421228844,1.4311067729084
Arap Türk Bankası A.Ş.,2007,356689.0,2745.0,6607.0,0.0076957797969659,12.784619532632057,0.0185231392053021,5.1081851387958,8.7561809097264,1.3015083333333
Arap Türk Bankası A.Ş.,2008,799199.0,2710.0,9203.0,0.0033908951337526,13.591365255064447,0.0115152796737733,0.92011821604875,10.444128376489,1.2929075697211
Arap Türk Bankası A.Ş.,2009,965839.0,24985.0,23018.0,0.0258687006840684,13.780752432637556,0.0238321293714583,-4.8826940134567,6.2509766309063,1.5470646825397
Arap Türk Bankası A.Ş.,2010,1140559.0,23669.0,27011.0,0.0207521048889185,13.947029051065163,0.0236822470385135,8.5421984780215,8.5664442055297,1.500364
Arap Türk Bankası A.Ş.,2011,3012586.0,48095.0,44711.0,0.0159646894727652,14.918309404091412,0.0148414020379833,10.979962531414,6.471879671151,1.67
Arap Türk Bankası A.Ş.,2012,2748287.0,58700.0,38612.0,0.0213587591106751,14.826488366463373,0.0140494788208072,4.8076269705277,8.8915699651216,1.7924972332016
Arap Türk Bankası A.Ş.,2013,3351680.0,49590.0,34853.0,0.0147955652090891,15.024972270633205,0.0103986657437464,8.4882568867256,7.493090305477,1.9013088
Arap Türk Bankası A.Ş.,2014,3716720.0,70506.0,48062.0,0.0189699520006887,15.12835211687512,0.0129312942594545,4.6007944759306,8.8545727136432,2.1878581673307
Arap Türk Bankası A.Ş.,2015,4023292.0,70106.0,49038.0,0.0174250340268615,15.207611030947696,0.0121885262118682,5.8055738647945,7.6708536484588,2.7200162055336
Arap Türk Bankası A.Ş.,2016,4842849.0,61597.0,38004.0,0.012719165928981,15.393013741878022,0.0078474468231406,3.323665083597,7.7751341532833,3.0212450199203
Arap Türk Bankası A.Ş.,2017,5063759.0,80268.0,41812.0,0.015851465284979,15.437619650836387,0.0082571070226683,7.825857301125,11.144311084076,3.6476845849802
Arap Türk Bankası A.Ş.,2018,5995076.0,100978.0,61452.0,0.0168434895570965,15.606449023594422,0.0102504121715888,3.4681530563351,16.332463898893,4.8134494023904
Arap Türk Bankası A.Ş.,2019,4957994.0,166427.0,73578.0,0.0335674064954495,15.41651178141115,0.0148402761278049,1.3016236542392,15.176821572002,5.6708297188755
Arap Türk Bankası A.Ş.,2020,5576326.0,96575.0,53404.0,0.0173187507330095,15.534040694562847,0.0095769149795044,1.8030624719627,12.278957446257,7.0090301587302
Arap Türk Bankası A.Ş.,2021,9706492.0,160336.0,68234.0,0.0165184291090952,16.08830549795725,0.0070297281448333,11.811094450408,19.596492691332,8.8853682730924
Arap Türk Bankası A.Ş.,2022,11442014.0,213492.0,106366.0,0.0186586032843518,16.252802577372176,0.0092960907057096,5.4412251147839,72.308835989121,16.563770238095
Arap Türk Bankası A.Ş.,2023,14278244.0,156657.0,139362.0,0.0109717273356583,16.474247538126708,0.0097604439313405,5.045123697229,53.859408759332,23.743790118577
Arap Türk Bankası A.Ş.,2024,18571894.0,182188.0,238226.0,0.0098098772263076,16.73715992058897,0.0128272323759763,3.3276230886148,58.506450730034,32.7921452
Bank Mellat,2002,115069.0,2072.0,86.0,0.0180065873519366,11.653287227417357,0.0007473776603603,6.4355088481566,,1.5058395256917
Bank Mellat,2003,112306.0,4665.0,18.0,0.0415382971524228,11.6289825676163,0.0001602763877263,5.7990932017934,,1.49306776
Bank Mellat,2004,178718.0,3090.0,57.0,0.0172898085251625,12.093564423551063,0.0003189382155127,9.9254055215426,8.5982616811527,1.4223412301587
Bank Mellat,2005,194433.0,4552.0,3615.0,0.0234116636579181,12.17784290968847,0.0185925228742034,9.1115774633457,8.17916036802,1.3407909448819
Bank Mellat,2006,225480.0,4575.0,4140.0,0.0202900478978179,12.32598674219551,0.0183608302288451,7.0676260779544,9.5972421228844,1.4311067729084
Bank Mellat,2007,217856.0,8444.0,5570.0,0.0387595475910693,12.291589573052937,0.0255673472385428,5.1081851387958,8.7561809097264,1.3015083333333
Bank Mellat,2008,327820.0,14002.0,7568.0,0.0427124641571594,12.700219956243352,0.0230858397901287,0.92011821604875,10.444128376489,1.2929075697211
Bank Mellat,2009,395009.0,18276.0,9846.0,0.0462673002387287,12.886663828433816,0.0249260143439769,-4.8826940134567,6.2509766309063,1.5470646825397
Bank Mellat,2010,1834652.0,26378.0,15162.0,0.0143776585423284,14.422365375709209,0.0082642375774806,8.5421984780215,8.5664442055297,1.500364
Bank Mellat,2011,3539649.0,58529.0,26126.0,0.0165352553318139,15.079538127651643,0.0073809578294345,10.979962531414,6.471879671151,1.67
Bank Mellat,2012,408039.0,25592.0,9205.0,0.0627194949502376,12.919118037053329,0.0225591181235127,4.8076269705277,8.8915699651216,1.7924972332016
Bank Mellat,2013,335383.0,6959.0,1744.0,0.0207494118664333,12.72302844133832,0.0052000250459921,8.4882568867256,7.493090305477,1.9013088
Bank Mellat,2014,326319.0,6970.0,1543.0,0.0213594672697575,12.695630709510157,0.0047285018647397,4.6007944759306,8.8545727136432,2.1878581673307
Bank Mellat,2015,340488.0,11431.0,817.0,0.0335724019642395,12.738135161659931,0.0023994971922652,5.8055738647945,7.6708536484588,2.7200162055336
Bank Mellat,2016,526132.0,28368.0,9694.0,0.0539180281754388,13.17330741080736,0.0184250340218804,3.323665083597,7.7751341532833,3.0212450199203
Bank Mellat,2017,1012638.0,52889.0,26527.0,0.0522289307728921,13.82806936497163,0.0261959357638168,7.825857301125,11.144311084076,3.6476845849802
Bank Mellat,2018,991747.0,130951.0,40052.0,0.1320407321625374,13.807223313416117,0.0403852998799088,3.4681530563351,16.332463898893,4.8134494023904
Bank Mellat,2019,1023390.0,34707.0,10469.0,0.0339137572186556,13.838631203954987,0.0102297266926587,1.3016236542392,15.176821572002,5.6708297188755
Bank Mellat,2020,1236935.0,30569.0,4579.0,0.0247135055601143,14.028147103510582,0.0037018921770343,1.8030624719627,12.278957446257,7.0090301587302
Bank Mellat,2021,1580743.0,84669.0,5153.0,0.0535627866136367,14.273405547633338,0.0032598594458428,11.811094450408,19.596492691332,8.8853682730924
Bank Mellat,2022,1694146.0,65033.0,11165.0,0.0383868922749279,14.342689337021024,0.0065903410922081,5.4412251147839,72.308835989121,16.563770238095
Bank Mellat,2023,1959819.0,84233.0,7719.0,0.0429799894786202,14.488362680003684,0.003938629026456,5.045123697229,53.859408759332,23.743790118577
Bank Mellat,2024,1936291.0,117039.0,17087.0,0.0604449434511651,14.476284845440611,0.0088246033266693,3.3276230886148,58.506450730034,32.7921452
Bank of America Yatırım Bank A.Ş.,2002,10587.0,-448.0,-152.0,-0.0423160479833758,9.26738211234338,-0.0143572305657882,6.4355088481566,,1.5058395256917
Bank of America Yatırım Bank A.Ş.,2003,6202.0,-773.0,-33.0,-0.1246372138019993,8.732627099660395,-0.0053208642373427,5.7990932017934,,1.49306776
Bank of America Yatırım Bank A.Ş.,2004,3364.0,-1368.0,0.0,-0.4066587395957193,8.120886021092838,0.0,9.9254055215426,8.5982616811527,1.4223412301587
Bank of America Yatırım Bank A.Ş.,2005,3396.0,23.0,3.0,0.0067726737338044,8.130353547431238,0.0008833922261484,9.1115774633457,8.17916036802,1.3407909448819
Bank of America Yatırım Bank A.Ş.,2006,26277.0,-7462.0,3.0,-0.2839745785287513,10.1764493108312,0.0001141682840506,7.0676260779544,9.5972421228844,1.4311067729084
Bank of America Yatırım Bank A.Ş.,2007,257287.0,-1353.0,12590.0,-0.0052587188625931,12.45794747231406,0.0489336810643367,5.1081851387958,8.7561809097264,1.3015083333333
Bank of America Yatırım Bank A.Ş.,2008,86588.0,-1259.0,40.0,-0.0145401210329375,11.368916516819748,0.0004619577770591,0.92011821604875,10.444128376489,1.2929075697211
Bank of America Yatırım Bank A.Ş.,2009,206788.0,7672.0,1678.0,0.0371007988858154,12.239449392853473,0.0081145907886337,-4.8826940134567,6.2509766309063,1.5470646825397
Bank of America Yatırım Bank A.Ş.,2010,338759.0,14645.0,3715.0,0.0432313237434282,12.7330442190888,0.010966498307056,8.5421984780215,8.5664442055297,1.500364
Bank of America Yatırım Bank A.Ş.,2011,828641.0,4128.0,3653.0,0.0049816506786412,13.62754228845367,0.0044084229479352,10.979962531414,6.471879671151,1.67
Bank of America Yatırım Bank A.Ş.,2012,1900325.0,36330.0,-400.0,0.019117782484575,14.457535482140417,-0.0002104903108678,4.8076269705277,8.8915699651216,1.7924972332016
Bank of America Yatırım Bank A.Ş.,2013,355561.0,2423.0,-318.0,0.0068145831516954,12.7814521028165,-0.0008943613050925,8.4882568867256,7.493090305477,1.9013088
Bank of America Yatırım Bank A.Ş.,2014,263341.0,7735.0,-488.0,0.0293725625709631,12.481205049275344,-0.0018531106056405,4.6007944759306,8.8545727136432,2.1878581673307
Bank of America Yatırım Bank A.Ş.,2015,215705.0,14183.0,-481.0,0.0657518369996059,12.281667012451656,-0.0022298973134605,5.8055738647945,7.6708536484588,2.7200162055336
Bank of America Yatırım Bank A.Ş.,2016,159214.0,-8637.0,-857.0,-0.0542477420327358,11.978004488224444,-0.0053826924767922,3.323665083597,7.7751341532833,3.0212450199203
Bank of America Yatırım Bank A.Ş.,2017,418340.0,72031.0,103568.0,0.1721829134197064,12.94404977800791,0.2475689630444136,7.825857301125,11.144311084076,3.6476845849802
Bank of America Yatırım Bank A.Ş.,2018,479355.0,123532.0,176137.0,0.2577046239217281,13.08019672924244,0.3674458386790583,3.4681530563351,16.332463898893,4.8134494023904
Bank of America Yatırım Bank A.Ş.,2019,592942.0,109447.0,111094.0,0.1845829777617372,13.292851865439204,0.1873606524752842,1.3016236542392,15.176821572002,5.6708297188755
Bank of America Yatırım Bank A.Ş.,2020,1272328.0,89289.0,139484.0,0.0701776585911808,14.056358851276828,0.1096289636005809,1.8030624719627,12.278957446257,7.0090301587302
Bank of America Yatırım Bank A.Ş.,2021,2860281.0,194176.0,274666.0,0.0678870362737087,14.8664304297179,0.096027628054726,11.811094450408,19.596492691332,8.8853682730924
Bank of America Yatırım Bank A.Ş.,2022,5323689.0,463075.0,669724.0,0.0869838564949981,15.487677042065163,0.1258007370453082,5.4412251147839,72.308835989121,16.563770238095
Bank of America Yatırım Bank A.Ş.,2023,6134143.0,874301.0,1175719.0,0.1425302605433228,15.629380936068,0.1916680129563331,5.045123697229,53.859408759332,23.743790118577
Bank of America Yatırım Bank A.Ş.,2024,4033056.0,1472827.0,1150305.0,0.3651888295129054,15.21003495920418,0.2852191985432387,3.3276230886148,58.506450730034,32.7921452
Bank of China Turkey A.Ş.,2018,1291801.0,114734.0,3083.0,0.0888170856037423,14.07154792669385,0.0023865905042649,3.4681530563351,16.332463898893,4.8134494023904
Bank of China Turkey A.Ş.,2019,1676970.0,194404.0,17650.0,0.1159257470318491,14.332499151557675,0.0105249348527403,1.3016236542392,15.176821572002,5.6708297188755
Bank of China Turkey A.Ş.,2020,2004474.0,118941.0,35447.0,0.0593377614276862,14.510892240164912,0.0176839410239294,1.8030624719627,12.278957446257,7.0090301587302
Bank of China Turkey A.Ş.,2021,2662692.0,191115.0,59407.0,0.0717751057951877,14.79484819907588,0.0223108793656945,11.811094450408,19.596492691332,8.8853682730924
Bank of China Turkey A.Ş.,2022,2784718.0,269736.0,142397.0,0.0968629498570411,14.839657169484218,0.0511351598258782,5.4412251147839,72.308835989121,16.563770238095
Bank of China Turkey A.Ş.,2023,3777344.0,348482.0,195773.0,0.0922558284339472,15.144531675122078,0.0518282158045441,5.045123697229,53.859408759332,23.743790118577
Bank of China Turkey A.Ş.,2024,6434022.0,807284.0,249772.0,0.1254711283237763,15.677110406110046,0.0388205076078384,3.3276230886148,58.506450730034,32.7921452
BankPozitif Kredi ve Kalkınma Bankası A.Ş.,2002,38215.0,-1407.0,30.0,-0.0368180034018055,10.550983387676984,0.0007850320554755,6.4355088481566,,1.5058395256917
BankPozitif Kredi ve Kalkınma Bankası A.Ş.,2003,117754.0,8322.0,640.0,0.0706727584625575,11.676352981577695,0.0054350595308864,5.7990932017934,,1.49306776
BankPozitif Kredi ve Kalkınma Bankası A.Ş.,2004,147489.0,10848.0,4524.0,0.0735512478896731,11.901508875709876,0.0306734739539897,9.9254055215426,8.5982616811527,1.4223412301587
BankPozitif Kredi ve Kalkınma Bankası A.Ş.,2005,219817.0,15677.0,5628.0,0.0713184148632726,12.300550660999964,0.0256031153186514,9.1115774633457,8.17916036802,1.3407909448819
BankPozitif Kredi ve Kalkınma Bankası A.Ş.,2006,477358.0,8217.0,6256.0,0.0172134959506282,13.076022012477114,0.0131054680135244,7.0676260779544,9.5972421228844,1.4311067729084
BankPozitif Kredi ve Kalkınma Bankası A.Ş.,2007,1111096.0,27034.0,9392.0,0.0243309309006602,13.92085747352962,0.0084529149596434,5.1081851387958,8.7561809097264,1.3015083333333
BankPozitif Kredi ve Kalkınma Bankası A.Ş.,2008,1662118.0,33515.0,12262.0,0.020164031675248,14.323603250673866,0.0073773342205547,0.92011821604875,10.444128376489,1.2929075697211
BankPozitif Kredi ve Kalkınma Bankası A.Ş.,2009,1595147.0,26686.0,12200.0,0.0167294926423708,14.282476452963737,0.0076481979403779,-4.8826940134567,6.2509766309063,1.5470646825397
BankPozitif Kredi ve Kalkınma Bankası A.Ş.,2010,1624776.0,24624.0,15777.0,0.0151553198717854,14.300880518090477,0.0097102615991373,8.5421984780215,8.5664442055297,1.500364
BankPozitif Kredi ve Kalkınma Bankası A.Ş.,2011,2013544.0,1525.0,14056.0,0.0007573710830257,14.51540691153054,0.0069807265200065,10.979962531414,6.471879671151,1.67
BankPozitif Kredi ve Kalkınma Bankası A.Ş.,2012,1804290.0,23122.0,7895.0,0.0128150131076489,14.405677720565452,0.0043756824013878,4.8076269705277,8.8915699651216,1.7924972332016
BankPozitif Kredi ve Kalkınma Bankası A.Ş.,2013,2242835.0,23191.0,9581.0,0.010340038388914,14.623251248603024,0.0042718256135649,8.4882568867256,7.493090305477,1.9013088
BankPozitif Kredi ve Kalkınma Bankası A.Ş.,2014,1851367.0,-66483.0,7799.0,-0.0359102220143277,14.431434843107253,0.0042125629332271,4.6007944759306,8.8545727136432,2.1878581673307
BankPozitif Kredi ve Kalkınma Bankası A.Ş.,2015,1792866.0,-94230.0,7417.0,-0.0525583060864559,14.399326014713594,0.0041369516740236,5.8055738647945,7.6708536484588,2.7200162055336
BankPozitif Kredi ve Kalkınma Bankası A.Ş.,2016,1680675.0,14498.0,5668.0,0.008626295982269,14.334706056399462,0.0033724545197614,3.323665083597,7.7751341532833,3.0212450199203
BankPozitif Kredi ve Kalkınma Bankası A.Ş.,2017,1423295.0,5131.0,4246.0,0.0036050151233581,14.168485164089711,0.0029832185175947,7.825857301125,11.144311084076,3.6476845849802
BankPozitif Kredi ve Kalkınma Bankası A.Ş.,2018,969900.0,-37310.0,7440.0,-0.0384678832869367,13.784948252381634,0.0076708939065883,3.4681530563351,16.332463898893,4.8134494023904
BankPozitif Kredi ve Kalkınma Bankası A.Ş.,2019,927857.0,1895.0,5634.0,0.0020423405761879,13.740632905066924,0.0060720563621333,1.3016236542392,15.176821572002,5.6708297188755
BankPozitif Kredi ve Kalkınma Bankası A.Ş.,2020,922429.0,-20172.0,2286.0,-0.0218683497591684,13.734765687165233,0.0024782395176214,1.8030624719627,12.278957446257,7.0090301587302
BankPozitif Kredi ve Kalkınma Bankası A.Ş.,2021,1331533.0,19797.0,1881.0,0.0148678252810857,14.10184146800711,0.0014126574407093,11.811094450408,19.596492691332,8.8853682730924
BankPozitif Kredi ve Kalkınma Bankası A.Ş.,2022,1124118.0,69087.0,1666.0,0.0614588504053844,13.932509286131934,0.0014820508167292,5.4412251147839,72.308835989121,16.563770238095
BankPozitif Kredi ve Kalkınma Bankası A.Ş.,2023,1413363.0,28987.0,-943.0,0.0205092393107786,14.16148252888577,-0.0006672029761639,5.045123697229,53.859408759332,23.743790118577
BankPozitif Kredi ve Kalkınma Bankası A.Ş.,2024,2155251.0,284426.0,-4475.0,0.1319688518877847,14.58341774805536,-0.0020763242889111,3.3276230886148,58.506450730034,32.7921452
Birleşik Fon Bankası A.Ş.,2002,3499840.0,379978.0,14293.0,0.1085701060619914,15.068227811129,0.0040839009783304,6.4355088481566,,1.5058395256917
Birleşik Fon Bankası A.Ş.,2003,2194864.0,281344.0,8457.0,0.1281828851354799,14.601630643574149,0.0038530861137637,5.7990932017934,,1.49306776
Birleşik Fon Bankası A.Ş.,2004,1938400.0,386341.0,10710.0,0.1993092241023524,14.477373448484451,0.0055251754023937,9.9254055215426,8.5982616811527,1.4223412301587
Birleşik Fon Bankası A.Ş.,2005,1858478.0,259445.0,7575.0,0.1396007916155047,14.435268431146016,0.0040759158838576,9.1115774633457,8.17916036802,1.3407909448819
Birleşik Fon Bankası A.Ş.,2006,1215345.0,391503.0,4762.0,0.3221332214309517,14.010538545067725,0.0039182289802484,7.0676260779544,9.5972421228844,1.4311067729084
Birleşik Fon Bankası A.Ş.,2007,842749.0,104305.0,4639.0,0.1237675749244437,13.644424446504088,0.005504604573841,5.1081851387958,8.7561809097264,1.3015083333333
Birleşik Fon Bankası A.Ş.,2008,834387.0,80450.0,3173.0,0.0964180889683084,13.634452602489803,0.0038027917501111,0.92011821604875,10.444128376489,1.2929075697211
Birleşik Fon Bankası A.Ş.,2009,806819.0,54512.0,2521.0,0.0675641004983769,13.600854634611377,0.0031246165496846,-4.8826940134567,6.2509766309063,1.5470646825397
Birleşik Fon Bankası A.Ş.,2010,790748.0,2011.0,3159.0,0.0025431616646516,13.580734611920308,0.0039949516154324,8.5421984780215,8.5664442055297,1.500364
Birleşik Fon Bankası A.Ş.,2011,822725.0,36676.0,2751.0,0.0445786866814549,13.620377280442984,0.0033437661430003,10.979962531414,6.471879671151,1.67
Birleşik Fon Bankası A.Ş.,2012,806178.0,37185.0,1786.0,0.0461250493067287,13.600059840778847,0.0022153916380749,4.8076269705277,8.8915699651216,1.7924972332016
Birleşik Fon Bankası A.Ş.,2013,815150.0,36399.0,2346.0,0.0446531313255229,13.6111274243678,0.0028779979144942,8.4882568867256,7.493090305477,1.9013088
Birleşik Fon Bankası A.Ş.,2014,2059273.0,23754.0,1734.0,0.0115351388572569,14.53786356585609,0.0008420447410323,4.6007944759306,8.8545727136432,2.1878581673307
Birleşik Fon Bankası A.Ş.,2015,3069424.0,21284.0,1825.0,0.0069342000323187,14.937000479810305,0.0005945740959867,5.8055738647945,7.6708536484588,2.7200162055336
Birleşik Fon Bankası A.Ş.,2016,2936631.0,88238.0,1250.0,0.0300473569883311,14.892773563881054,0.000425657837161,3.323665083597,7.7751341532833,3.0212450199203
Birleşik Fon Bankası A.Ş.,2017,2628444.0,67234.0,2715.0,0.0255793922183618,14.781902594087924,0.0010329305094573,7.825857301125,11.144311084076,3.6476845849802
Birleşik Fon Bankası A.Ş.,2018,3162502.0,86440.0,1476.0,0.0273327890385523,14.96687404442878,0.0004667190724306,3.4681530563351,16.332463898893,4.8134494023904
Birleşik Fon Bankası A.Ş.,2019,3438579.0,135052.0,1295.0,0.0392755263147945,15.050568862612607,0.0003766090585675,1.3016236542392,15.176821572002,5.6708297188755
Birleşik Fon Bankası A.Ş.,2020,3377233.0,31760.0,2958.0,0.0094041483072088,15.03256729313801,0.0008758649462444,1.8030624719627,12.278957446257,7.0090301587302
Birleşik Fon Bankası A.Ş.,2021,5109242.0,27764.0,2143.0,0.0054340741738206,15.446561614582016,0.0004194359946152,11.811094450408,19.596492691332,8.8853682730924
Birleşik Fon Bankası A.Ş.,2022,6969270.0,50051.0,2717.0,0.0071816703901556,15.7570210426749,0.0003898543175971,5.4412251147839,72.308835989121,16.563770238095
Birleşik Fon Bankası A.Ş.,2023,9075422.0,90035.0,944.0,0.0099207507926353,16.021080438411442,0.0001040172016243,5.045123697229,53.859408759332,23.743790118577
Birleşik Fon Bankası A.Ş.,2024,9121694.0,242432.0,-422.0,0.026577519482675,16.02616609041597,-4.626333661269497e-05,3.3276230886148,58.506450730034,32.7921452
Burgan Bank A.Ş.,2002,567388.0,16963.0,2337.0,0.0298966492065394,13.24879865203208,0.0041188745620281,6.4355088481566,,1.5058395256917
Burgan Bank A.Ş.,2003,601836.0,7642.0,3375.0,0.0126978113638931,13.30774026192729,0.0056078400095707,5.7990932017934,,1.49306776
Burgan Bank A.Ş.,2004,602004.0,5021.0,6101.0,0.0083404761430156,13.308019368787155,0.0101344841562514,9.9254055215426,8.5982616811527,1.4223412301587
Burgan Bank A.Ş.,2005,739214.0,2164.0,8002.0,0.0029274337336684,13.513342738524203,0.0108250114310605,9.1115774633457,8.17916036802,1.3407909448819
Burgan Bank A.Ş.,2006,1115845.0,12386.0,10392.0,0.0111001079899089,13.92512252338855,0.0093131214460789,7.0676260779544,9.5972421228844,1.4311067729084
Burgan Bank A.Ş.,2007,2749062.0,18498.0,11967.0,0.0067288406009031,14.826770320548928,0.0043531211736948,5.1081851387958,8.7561809097264,1.3015083333333
Burgan Bank A.Ş.,2008,3481107.0,12367.0,20559.0,0.0035526055361125,15.06286090461476,0.0059058799399156,0.92011821604875,10.444128376489,1.2929075697211
Burgan Bank A.Ş.,2009,3856978.0,21965.0,31354.0,0.0056948730327214,15.165394533259136,0.0081291622612314,-4.8826940134567,6.2509766309063,1.5470646825397
Burgan Bank A.Ş.,2010,4150912.0,15176.0,27825.0,0.0036560640167751,15.238838627099543,0.0067033461562182,8.5421984780215,8.5664442055297,1.500364
Burgan Bank A.Ş.,2011,4922687.0,37369.0,30135.0,0.0075911793701285,15.409365077600675,0.0061216567293431,10.979962531414,6.471879671151,1.67
Burgan Bank A.Ş.,2012,4441549.0,-1240.0,23362.0,-0.0002791818800152,15.306513747439942,0.0052598766781589,4.8076269705277,8.8915699651216,1.7924972332016
Burgan Bank A.Ş.,2013,6811581.0,-40995.0,14152.0,-0.0060184265591204,15.734134809771367,0.0020776380696346,8.4882568867256,7.493090305477,1.9013088
Burgan Bank A.Ş.,2014,8673779.0,6809.0,19346.0,0.0007850096249858,15.975815124611549,0.0022304003825783,4.6007944759306,8.8545727136432,2.1878581673307
Burgan Bank A.Ş.,2015,10674834.0,52169.0,19039.0,0.0048871017572732,16.183399566606766,0.0017835406152451,5.8055738647945,7.6708536484588,2.7200162055336
Burgan Bank A.Ş.,2016,13721616.0,71673.0,23180.0,0.0052233643617486,16.434482957582553,0.0016893053995972,3.323665083597,7.7751341532833,3.0212450199203
Burgan Bank A.Ş.,2017,16807309.0,109848.0,31016.0,0.0065357279978609,16.637324409286343,0.00184538762273,7.825857301125,11.144311084076,3.6476845849802
Burgan Bank A.Ş.,2018,19581399.0,161759.0,28157.0,0.0082608500036182,16.79009064297383,0.0014379462876988,3.4681530563351,16.332463898893,4.8134494023904
Burgan Bank A.Ş.,2019,18892573.0,138554.0,38180.0,0.0073337813753584,16.75427943983673,0.0020208999589415,1.3016236542392,15.176821572002,5.6708297188755
Burgan Bank A.Ş.,2020,23123647.0,-267414.0,32611.0,-0.0115645252671431,16.956366331542988,0.0014102879186834,1.8030624719627,12.278957446257,7.0090301587302
Burgan Bank A.Ş.,2021,38014640.0,304815.0,33266.0,0.0080183581904234,17.45348190665376,0.000875083915039,11.811094450408,19.596492691332,8.8853682730924
Burgan Bank A.Ş.,2022,57806686.0,1201724.0,310984.0,0.0207886679405908,17.872615001693283,0.0053797237226157,5.4412251147839,72.308835989121,16.563770238095
Burgan Bank A.Ş.,2023,80441547.0,2560304.0,797607.0,0.031828129809587,18.203041354409308,0.0099153612746905,5.045123697229,53.859408759332,23.743790118577
Burgan Bank A.Ş.,2024,113471789.0,3504623.0,394624.0,0.0308854124085414,18.547064808924723,0.0034777278429971,3.3276230886148,58.506450730034,32.7921452
Citibank A.Ş.,2002,1457406.0,32678.0,-1637.0,0.0224220292766737,14.192168701130388,-0.0011232285306908,6.4355088481566,,1.5058395256917
Citibank A.Ş.,2003,1287278.0,38082.0,-1018.0,0.0295833534015185,14.068040469468286,-0.0007908159698215,5.7990932017934,,1.49306776
Citibank A.Ş.,2004,1921745.0,28860.0,-4629.0,0.0150176011905845,14.468744185412756,-0.0024087482990719,9.9254055215426,8.5982616811527,1.4223412301587
Citibank A.Ş.,2005,2530772.0,113927.0,-9233.0,0.0450166984619712,14.744034952498389,-0.0036482938802863,9.1115774633457,8.17916036802,1.3407909448819
Citibank A.Ş.,2006,6105028.0,60115.0,2007.0,0.0098468016854304,15.624623251921012,0.0003287454209874,7.0676260779544,9.5972421228844,1.4311067729084
Citibank A.Ş.,2007,4193919.0,165462.0,-8438.0,0.0394528363566392,15.249146176952776,-0.0020119606506468,5.1081851387958,8.7561809097264,1.3015083333333
Citibank A.Ş.,2008,5450962.0,81361.0,-11334.0,0.0149259892107117,15.511302664824171,-0.0020792660084586,0.92011821604875,10.444128376489,1.2929075697211
Citibank A.Ş.,2009,4877922.0,75942.0,-8550.0,0.0155685146256951,15.400229867470255,-0.0017527955551564,-4.8826940134567,6.2509766309063,1.5470646825397
Citibank A.Ş.,2010,6283740.0,86916.0,-16498.0,0.0138318899254265,15.65347590258125,-0.0026255064658945,8.5421984780215,8.5664442055297,1.500364
Citibank A.Ş.,2011,7227284.0,5505.0,109824.0,0.0007616969251519,15.7933738665734,0.0151957498833586,10.979962531414,6.471879671151,1.67
Citibank A.Ş.,2012,7419809.0,89280.0,114183.0,0.0120326547489295,15.81966387357236,0.0153889406048053,4.8076269705277,8.8915699651216,1.7924972332016
Citibank A.Ş.,2013,6469441.0,90867.0,46051.0,0.0140455720981148,15.682600263980971,0.007118234790301,8.4882568867256,7.493090305477,1.9013088
Citibank A.Ş.,2014,7324530.0,148830.0,55143.0,0.020319392507096,15.806739546986291,0.0075285376672632,4.6007944759306,8.8545727136432,2.1878581673307
Citibank A.Ş.,2015,8371943.0,171258.0,72754.0,0.0204561832301056,15.940396554115868,0.0086902168349688,5.8055738647945,7.6708536484588,2.7200162055336
Citibank A.Ş.,2016,8192511.0,197500.0,65784.0,0.0241073829501113,15.918731002245693,0.008029772556912,3.323665083597,7.7751341532833,3.0212450199203
Citibank A.Ş.,2017,8481307.0,267523.0,66440.0,0.0315426619977321,15.953375123250176,0.0078336982731553,7.825857301125,11.144311084076,3.6476845849802
Citibank A.Ş.,2018,10057329.0,488747.0,76704.0,0.0485961033988248,16.123812180424405,0.0076266770232931,3.4681530563351,16.332463898893,4.8134494023904
Citibank A.Ş.,2019,12851821.0,740226.0,87130.0,0.057596974000805,16.368996071327555,0.006779583998252,1.3016236542392,15.176821572002,5.6708297188755
Citibank A.Ş.,2020,18997809.0,740928.0,89183.0,0.03900070792374,16.759834214691864,0.0046943834417958,1.8030624719627,12.278957446257,7.0090301587302
Citibank A.Ş.,2021,26829165.0,1209737.0,121249.0,0.0450903708706551,17.105000100039017,0.0045192983083893,11.811094450408,19.596492691332,8.8853682730924
Citibank A.Ş.,2022,39924683.0,2217526.0,216671.0,0.0555427328001577,17.50250531214654,0.0054269936219656,5.4412251147839,72.308835989121,16.563770238095
Citibank A.Ş.,2023,59966180.0,6107363.0,357239.0,0.1018467909745126,17.90929129459993,0.0059573412880393,5.045123697229,53.859408759332,23.743790118577
Citibank A.Ş.,2024,91232804.0,14988916.0,564560.0,0.1642930540641938,18.328925083353003,0.0061881250520372,3.3276230886148,58.506450730034,32.7921452
D Yatırım Bankası A.Ş.,2021,400249.0,10494.0,-323.0,0.0262186788724019,12.899842132417364,-0.0008069976439666,11.811094450408,19.596492691332,8.8853682730924
D Yatırım Bankası A.Ş.,2022,1161351.0,18205.0,7646.0,0.015675708721997,13.965094540570254,0.0065837115566267,5.4412251147839,72.308835989121,16.563770238095
D Yatırım Bankası A.Ş.,2023,2952406.0,427493.0,310847.0,0.1447947877087365,14.898130989120922,0.1052859938639875,5.045123697229,53.859408759332,23.743790118577
D Yatırım Bankası A.Ş.,2024,4118274.0,100704.0,42501.0,0.0244529625760694,15.230944701510332,0.0103201001196132,3.3276230886148,58.506450730034,32.7921452
Denizbank A.Ş.,2002,3371191.0,17274.0,27394.0,0.0051240051364636,15.030776652355978,0.0081259115843629,6.4355088481566,,1.5058395256917
Denizbank A.Ş.,2003,4765262.0,94761.0,46697.0,0.0198857901202494,15.376863077819092,0.0097994611838761,5.7990932017934,,1.49306776
Denizbank A.Ş.,2004,6704946.0,122711.0,61423.0,0.018301564248243,15.718356020974207,0.0091608493192935,9.9254055215426,8.5982616811527,1.4223412301587
Denizbank A.Ş.,2005,9357809.0,200714.0,105133.0,0.0214488241852339,16.051721739855914,0.01123478797227,9.1115774633457,8.17916036802,1.3407909448819
Denizbank A.Ş.,2006,11493498.0,276344.0,152962.0,0.0240435070332809,16.257292042135195,0.0133085680268965,7.0676260779544,9.5972421228844,1.4311067729084
Denizbank A.Ş.,2007,14912285.0,211250.0,101941.0,0.0141661723873973,16.51769592784934,0.0068360415590233,5.1081851387958,8.7561809097264,1.3015083333333
Denizbank A.Ş.,2008,19224574.0,278090.0,195191.0,0.0144653400382239,16.771699914462882,0.0101532028746124,0.92011821604875,10.444128376489,1.2929075697211
Denizbank A.Ş.,2009,21204774.0,531769.0,258781.0,0.0250777961604306,16.86973690297032,0.0122039027626514,-4.8826940134567,6.2509766309063,1.5470646825397
Denizbank A.Ş.,2010,27660161.0,457541.0,283182.0,0.0165415161538647,17.135503704863627,0.0102379013629024,8.5421984780215,8.5664442055297,1.500364
Denizbank A.Ş.,2011,35982714.0,873974.0,377956.0,0.0242887181884056,17.398549214436787,0.0105038213626687,10.979962531414,6.471879671151,1.67
Denizbank A.Ş.,2012,44197926.0,812632.0,451557.0,0.0183862021036914,17.60418842287008,0.0102167011185094,4.8076269705277,8.8915699651216,1.7924972332016
Denizbank A.Ş.,2013,59427001.0,454155.0,588804.0,0.0076422331996864,17.900259243340297,0.0099080214396146,8.4882568867256,7.493090305477,1.9013088
Denizbank A.Ş.,2014,69474016.0,566191.0,948992.0,0.0081496800184978,18.056463370124423,0.0136596680980699,4.6007944759306,8.8545727136432,2.1878581673307
Denizbank A.Ş.,2015,84220667.0,762645.0,1040295.0,0.0090553189278351,18.248950900400725,0.0123520156875508,5.8055738647945,7.6708536484588,2.7200162055336
Denizbank A.Ş.,2016,103158827.0,1409281.0,1188964.0,0.0136612739887009,18.45178036822646,0.0115255672691974,3.323665083597,7.7751341532833,3.0212450199203
Denizbank A.Ş.,2017,121048284.0,1879792.0,1507989.0,0.0155292742522479,18.611700065287515,0.0124577478520885,7.825857301125,11.144311084076,3.6476845849802
Denizbank A.Ş.,2018,137657949.0,2182523.0,2095360.0,0.0158546819551989,18.740282535796915,0.0152214965806297,3.4681530563351,16.332463898893,4.8134494023904
Denizbank A.Ş.,2019,156478028.0,1336113.0,3595876.0,0.0085386620542022,18.868426161921885,0.0229800697641716,1.3016236542392,15.176821572002,5.6708297188755
Denizbank A.Ş.,2020,199255736.0,1793225.0,2739282.0,0.0089996154489625,19.110099663175063,0.0137475691038575,1.8030624719627,12.278957446257,7.0090301587302
Denizbank A.Ş.,2021,308719464.0,3546918.0,3805002.0,0.0114891298204637,19.54794353899104,0.0123251120959448,11.811094450408,19.596492691332,8.8853682730924
Denizbank A.Ş.,2022,526294749.0,17173014.0,5857377.0,0.0326300310474881,20.08137197307492,0.0111294612213583,5.4412251147839,72.308835989121,16.563770238095
Denizbank A.Ş.,2023,1007709061.0,28026455.0,13626396.0,0.0278120502084083,20.730945334973622,0.0135221528984544,5.045123697229,53.859408759332,23.743790118577
Denizbank A.Ş.,2024,1370621032.0,44969497.0,28962471.0,0.0328095775200391,21.038529782102596,0.0211309109694152,3.3276230886148,58.506450730034,32.7921452
Destek Yatırım Bankası A.Ş.,2022,1559355.0,75455.0,4345.0,0.0483885965671704,14.259782832188469,0.0027864084829945,5.4412251147839,72.308835989121,16.563770238095
Destek Yatırım Bankası A.Ş.,2023,4404504.0,934376.0,10669.0,0.2121410265491869,15.298138211693685,0.0024222931798904,5.045123697229,53.859408759332,23.743790118577
Destek Yatırım Bankası A.Ş.,2024,16525284.0,1150967.0,23067.0,0.0696488483949806,16.62040212963604,0.0013958610333111,3.3276230886148,58.506450730034,32.7921452
Deutsche Bank A.Ş.,2002,219011.0,9671.0,2758.0,0.0441575993899849,12.296877235847742,0.0125929747820885,6.4355088481566,,1.5058395256917
Deutsche Bank A.Ş.,2003,195696.0,42119.0,7055.0,0.2152266781129915,12.184317713727143,0.0360508135066634,5.7990932017934,,1.49306776
Deutsche Bank A.Ş.,2004,365101.0,44349.0,4434.0,0.121470497204883,12.8079293066156,0.0121445846491792,9.9254055215426,8.5982616811527,1.4223412301587
Deutsche Bank A.Ş.,2005,300867.0,24767.0,-8869.0,0.0823187654345607,12.614423585616796,-0.0294781415043856,9.1115774633457,8.17916036802,1.3407909448819
Deutsche Bank A.Ş.,2006,881954.0,45286.0,4130.0,0.0513473491814765,13.68989517943384,0.0046827839093648,7.0676260779544,9.5972421228844,1.4311067729084
Deutsche Bank A.Ş.,2007,743975.0,40511.0,13716.0,0.054452098524816,13.519762711100126,0.0184361033636882,5.1081851387958,8.7561809097264,1.3015083333333
Deutsche Bank A.Ş.,2008,683622.0,33849.0,22194.0,0.0495142052186734,13.435160412268628,0.0324653097764554,0.92011821604875,10.444128376489,1.2929075697211
Deutsche Bank A.Ş.,2009,1910269.0,105704.0,40805.0,0.0553346151772342,14.46275462780245,0.0213608659304003,-4.8826940134567,6.2509766309063,1.5470646825397
Deutsche Bank A.Ş.,2010,3051268.0,-6041.0,21851.0,-0.0019798326466242,14.931067799893537,0.007161285078859,8.5421984780215,8.5664442055297,1.500364
Deutsche Bank A.Ş.,2011,2242020.0,32073.0,34572.0,0.0143054031632188,14.622887803181056,0.0154200230149597,10.979962531414,6.471879671151,1.67
Deutsche Bank A.Ş.,2012,1296966.0,104107.0,45105.0,0.080269644693847,14.075538248614192,0.0347773187577777,4.8076269705277,8.8915699651216,1.7924972332016
Deutsche Bank A.Ş.,2013,2359630.0,2087.0,55947.0,0.0008844606993469,14.67401538504956,0.0237100731894407,8.4882568867256,7.493090305477,1.9013088
Deutsche Bank A.Ş.,2014,2921847.0,80571.0,45623.0,0.0275753658559123,14.887726508525573,0.0156144384014631,4.6007944759306,8.8545727136432,2.1878581673307
Deutsche Bank A.Ş.,2015,3012850.0,72489.0,44219.0,0.0240599432431086,14.91839703260499,0.0146768010355643,5.8055738647945,7.6708536484588,2.7200162055336
Deutsche Bank A.Ş.,2016,3371039.0,69235.0,36058.0,0.0205381782886522,15.030731563416554,0.0106964054702422,3.323665083597,7.7751341532833,3.0212450199203
Deutsche Bank A.Ş.,2017,3041894.0,56043.0,43712.0,0.0184237189067074,14.927990905697872,0.0143699944836999,7.825857301125,11.144311084076,3.6476845849802
Deutsche Bank A.Ş.,2018,2662332.0,122490.0,47479.0,0.046008536876693,14.79471298841747,0.0178336135388073,3.4681530563351,16.332463898893,4.8134494023904
Deutsche Bank A.Ş.,2019,2741764.0,145542.0,52588.0,0.0530833434241605,14.824112066837191,0.0191803525029871,1.3016236542392,15.176821572002,5.6708297188755
Deutsche Bank A.Ş.,2020,4406582.0,84979.0,60086.0,0.0192845611405847,15.298609890221964,0.0136355116051397,1.8030624719627,12.278957446257,7.0090301587302
Deutsche Bank A.Ş.,2021,5906353.0,180949.0,67210.0,0.0306363334531478,15.591539109225568,0.0113792724545925,11.811094450408,19.596492691332,8.8853682730924
Deutsche Bank A.Ş.,2022,11406223.0,848117.0,65592.0,0.0743556390226633,16.24966964162095,0.0057505451190985,5.4412251147839,72.308835989121,16.563770238095
Deutsche Bank A.Ş.,2023,15170807.0,2082836.0,125285.0,0.1372923668464044,16.534883547009336,0.0082582950267576,5.045123697229,53.859408759332,23.743790118577
Deutsche Bank A.Ş.,2024,23937945.0,2403298.0,238313.0,0.1003970056744637,16.990975414810674,0.0099554493921679,3.3276230886148,58.506450730034,32.7921452
Diler Yatırım Bankası A.Ş.,2002,34628.0,-201.0,-10.0,-0.0058045512302183,10.452417882335665,-0.0002887836432944,6.4355088481566,,1.5058395256917
Diler Yatırım Bankası A.Ş.,2003,40748.0,-710.0,89.0,-0.0174241680573279,10.615162037709958,0.0021841562776087,5.7990932017934,,1.49306776
Diler Yatırım Bankası A.Ş.,2004,46012.0,-1133.0,540.0,-0.0246240111275319,10.7366575110159,0.0117360688516039,9.9254055215426,8.5982616811527,1.4223412301587
Diler Yatırım Bankası A.Ş.,2005,66404.0,155.0,442.0,0.0023341967351364,11.103512574613967,0.0066562255285826,9.1115774633457,8.17916036802,1.3407909448819
Diler Yatırım Bankası A.Ş.,2006,95738.0,353.0,427.0,0.0036871461697549,11.469370572818129,0.0044600889928763,7.0676260779544,9.5972421228844,1.4311067729084
Diler Yatırım Bankası A.Ş.,2007,80314.0,4265.0,378.0,0.053104066538835,11.293699230940064,0.0047065268819881,5.1081851387958,8.7561809097264,1.3015083333333
Diler Yatırım Bankası A.Ş.,2008,137320.0,7088.0,239.0,0.0516166618118263,11.830069247571627,0.0017404602388581,0.92011821604875,10.444128376489,1.2929075697211
Diler Yatırım Bankası A.Ş.,2009,94007.0,6924.0,254.0,0.0736540895890731,11.451124526564636,0.0027019264522854,-4.8826940134567,6.2509766309063,1.5470646825397
Diler Yatırım Bankası A.Ş.,2010,103136.0,3285.0,118.0,0.0318511479987589,11.543803784615164,0.0011441203847347,8.5421984780215,8.5664442055297,1.500364
Diler Yatırım Bankası A.Ş.,2011,110997.0,4006.0,104.0,0.0360910655242934,11.617258452902208,0.0009369622602412,10.979962531414,6.471879671151,1.67
Diler Yatırım Bankası A.Ş.,2012,113059.0,3328.0,98.0,0.0294359582165064,11.63566508532903,0.0008668040580581,4.8076269705277,8.8915699651216,1.7924972332016
Diler Yatırım Bankası A.Ş.,2013,135325.0,5180.0,135.0,0.0382782191021614,11.81543457166518,0.0009975983742841,8.4882568867256,7.493090305477,1.9013088
Diler Yatırım Bankası A.Ş.,2014,120279.0,5495.0,239.0,0.0456854480000665,11.69756932313375,0.0019870467828964,4.6007944759306,8.8545727136432,2.1878581673307
Diler Yatırım Bankası A.Ş.,2015,128809.0,7445.0,204.0,0.0577987562980847,11.766085965987587,0.0015837402665962,5.8055738647945,7.6708536484588,2.7200162055336
Diler Yatırım Bankası A.Ş.,2016,147675.0,9667.0,223.0,0.0654613170814288,11.902769192175436,0.0015100727949889,3.323665083597,7.7751341532833,3.0212450199203
Diler Yatırım Bankası A.Ş.,2017,154552.0,9377.0,40.0,0.0606721362389357,11.94828588827239,0.0002588125679382,7.825857301125,11.144311084076,3.6476845849802
Diler Yatırım Bankası A.Ş.,2018,160502.0,10880.0,-68.0,0.0677873172919963,11.98606168253376,-0.0004236707330749,3.4681530563351,16.332463898893,4.8134494023904
Diler Yatırım Bankası A.Ş.,2019,178486.0,16732.0,-271.0,0.0937440471521575,12.09226544575338,-0.0015183263673341,1.3016236542392,15.176821572002,5.6708297188755
Diler Yatırım Bankası A.Ş.,2020,211842.0,7818.0,-65.0,0.036904863058317,12.263595992773826,-0.0003068324505999,1.8030624719627,12.278957446257,7.0090301587302
Diler Yatırım Bankası A.Ş.,2021,230799.0,26497.0,-144.0,0.114805523420812,12.349302480851062,-0.0006239195143826,11.811094450408,19.596492691332,8.8853682730924
Diler Yatırım Bankası A.Ş.,2022,297798.0,10774.0,1132.0,0.0361788863592099,12.604170683292772,0.0038012343937837,5.4412251147839,72.308835989121,16.563770238095
Diler Yatırım Bankası A.Ş.,2023,312212.0,20373.0,2375.0,0.0652537378447977,12.651437723224214,0.0076070106209883,5.045123697229,53.859408759332,23.743790118577
Diler Yatırım Bankası A.Ş.,2024,330893.0,27461.0,5641.0,0.0829905739921968,12.709550339258628,0.0170478069950104,3.3276230886148,58.506450730034,32.7921452
Fibabanka A.Ş.,2002,24661.0,-3023.0,-97.0,-0.1225822148331373,10.11297832739655,-0.003933336036657,6.4355088481566,,1.5058395256917
Fibabanka A.Ş.,2003,103003.0,-18140.0,-229.0,-0.1761113753968331,11.542513393001204,-0.0022232362164208,5.7990932017934,,1.49306776
Fibabanka A.Ş.,2004,277978.0,-12518.0,772.0,-0.0450323406888314,12.535297252850654,0.0027771981955406,9.9254055215426,8.5982616811527,1.4223412301587
Fibabanka A.Ş.,2005,618650.0,-7369.0,4516.0,-0.0119114200274791,13.335294963642122,0.0072997656186858,9.1115774633457,8.17916036802,1.3407909448819
Fibabanka A.Ş.,2006,1017213.0,-27053.0,7682.0,-0.0265952165377359,13.832577092629323,0.0075520072983731,7.0676260779544,9.5972421228844,1.4311067729084
Fibabanka A.Ş.,2007,1159456.0,-3784.0,2168.0,-0.0032635994811359,13.963461487566589,0.0018698424088538,5.1081851387958,8.7561809097264,1.3015083333333
Fibabanka A.Ş.,2008,1206568.0,2865.0,3717.0,0.0023745035505665,14.003290523834862,0.0030806386378554,0.92011821604875,10.444128376489,1.2929075697211
Fibabanka A.Ş.,2009,1070987.0,-17785.0,3645.0,-0.0166061772925348,13.88409121116761,0.0034034026556811,-4.8826940134567,6.2509766309063,1.5470646825397
Fibabanka A.Ş.,2010,902239.0,-14642.0,4548.0,-0.0162285159475482,13.71263473068785,0.0050407929606235,8.5421984780215,8.5664442055297,1.500364
Fibabanka A.Ş.,2011,2486749.0,5187.0,12029.0,0.0020858558704557,14.726486792883284,0.0048372393032026,10.979962531414,6.471879671151,1.67
Fibabanka A.Ş.,2012,3900232.0,45715.0,6984.0,0.0117210976167571,15.17654659651007,0.0017906627092952,4.8076269705277,8.8915699651216,1.7924972332016
Fibabanka A.Ş.,2013,6663879.0,43806.0,13327.0,0.0065736487712336,15.712212305401064,0.0019998862524364,8.4882568867256,7.493090305477,1.9013088
Fibabanka A.Ş.,2014,8041604.0,74210.0,17582.0,0.0092282584419725,15.900139123744736,0.0021863797322026,4.6007944759306,8.8545727136432,2.1878581673307
Fibabanka A.Ş.,2015,11191373.0,81583.0,22864.0,0.0072898115360823,16.23065377159947,0.0020430022303787,5.8055738647945,7.6708536484588,2.7200162055336
Fibabanka A.Ş.,2016,15393509.0,114915.0,26160.0,0.0074651595032685,16.549456485024006,0.0016994175921812,3.323665083597,7.7751341532833,3.0212450199203
Fibabanka A.Ş.,2017,20116206.0,167002.0,43809.0,0.0083018636814516,16.81703631682605,0.0021777963498683,7.825857301125,11.144311084076,3.6476845849802
Fibabanka A.Ş.,2018,20618271.0,196659.0,78524.0,0.0095380936645948,16.841688182406973,0.0038084667720198,3.4681530563351,16.332463898893,4.8134494023904
Fibabanka A.Ş.,2019,21885760.0,212044.0,199787.0,0.0096886742795315,16.901346754986115,0.0091286297574313,1.3016236542392,15.176821572002,5.6708297188755
Fibabanka A.Ş.,2020,27224995.0,229835.0,150342.0,0.0084420584833899,17.11964604312855,0.0055222048709283,1.8030624719627,12.278957446257,7.0090301587302
Fibabanka A.Ş.,2021,45162259.0,409967.0,260202.0,0.0090776460052629,17.62577231813816,0.0057614921343947,11.811094450408,19.596492691332,8.8853682730924
Fibabanka A.Ş.,2022,74108740.0,2671354.0,588925.0,0.0360464096407522,18.121044032028863,0.0079467684918135,5.4412251147839,72.308835989121,16.563770238095
Fibabanka A.Ş.,2023,103558419.0,3969754.0,3352512.0,0.0383334743648413,18.45564644621891,0.0323731477592372,5.045123697229,53.859408759332,23.743790118577
Fibabanka A.Ş.,2024,129588470.0,6064075.0,2939750.0,0.0467948653147922,18.679874371875353,0.0226852743920813,3.3276230886148,58.506450730034,32.7921452
GSD Yatırım Bankası A.Ş.,2002,59168.1,1004.0,416.0,0.0169686030141241,10.98813782428818,0.0070308155915096,6.4355088481566,,1.5058395256917
GSD Yatırım Bankası A.Ş.,2003,57460.0,3867.0,757.0,0.067298990602158,10.95884433253328,0.013174382178907,5.7990932017934,,1.49306776
GSD Yatırım Bankası A.Ş.,2004,71003.0,5524.0,807.0,0.0777995295973409,11.170477408651925,0.0113657169415376,9.9254055215426,8.5982616811527,1.4223412301587
GSD Yatırım Bankası A.Ş.,2005,81605.0,4215.0,625.0,0.0516512468598737,11.309645813584796,0.0076588444335518,9.1115774633457,8.17916036802,1.3407909448819
GSD Yatırım Bankası A.Ş.,2006,92195.0,4383.0,818.0,0.0475405390747871,11.431661178139263,0.0088724985085959,7.0676260779544,9.5972421228844,1.4311067729084
GSD Yatırım Bankası A.Ş.,2007,161097.0,8175.0,1171.0,0.0507458239445799,11.989761947017746,0.0072689125185447,5.1081851387958,8.7561809097264,1.3015083333333
GSD Yatırım Bankası A.Ş.,2008,76114.0,9346.0,1173.0,0.1227894999605854,11.239987495392205,0.0154110938854875,0.92011821604875,10.444128376489,1.2929075697211
GSD Yatırım Bankası A.Ş.,2009,103179.0,2671.0,782.0,0.0258870506595334,11.544220622950938,0.0075790616307581,-4.8826940134567,6.2509766309063,1.5470646825397
GSD Yatırım Bankası A.Ş.,2010,105196.0,4677.0,905.0,0.0444598653941214,11.563580555749173,0.0086029887067949,8.5421984780215,8.5664442055297,1.500364
GSD Yatırım Bankası A.Ş.,2011,149305.0,4093.0,990.0,0.0274136833997521,11.913746472584736,0.0066307223468738,10.979962531414,6.471879671151,1.67
GSD Yatırım Bankası A.Ş.,2012,111138.0,6124.0,1088.0,0.0551026651550324,11.618527951350778,0.0097896309093199,4.8076269705277,8.8915699651216,1.7924972332016
GSD Yatırım Bankası A.Ş.,2013,130856.0,5045.0,3606.0,0.0385538301644555,11.781852760938362,0.0275570092315216,8.4882568867256,7.493090305477,1.9013088
GSD Yatırım Bankası A.Ş.,2014,110946.0,4856.0,4166.0,0.0437690407946208,11.61679887543504,0.0375497990013159,4.6007944759306,8.8545727136432,2.1878581673307
GSD Yatırım Bankası A.Ş.,2015,308649.0,5447.0,4828.0,0.0176478783342891,12.639959987901031,0.0156423639797958,5.8055738647945,7.6708536484588,2.7200162055336
GSD Yatırım Bankası A.Ş.,2016,267751.0,15342.0,7296.0,0.0572995058841983,12.497812723130284,0.0272491979488405,3.323665083597,7.7751341532833,3.0212450199203
GSD Yatırım Bankası A.Ş.,2017,297722.0,25547.0,8759.0,0.0858082372145827,12.603915444172632,0.0294200630118029,7.825857301125,11.144311084076,3.6476845849802
GSD Yatırım Bankası A.Ş.,2018,298126.0,62278.0,17204.0,0.2088982510750488,12.605271494916812,0.0577071439592655,3.4681530563351,16.332463898893,4.8134494023904
GSD Yatırım Bankası A.Ş.,2019,328289.0,56997.0,29805.0,0.173618366743936,12.701649596988656,0.0907889085531345,1.3016236542392,15.176821572002,5.6708297188755
GSD Yatırım Bankası A.Ş.,2020,533002.0,46913.0,38411.0,0.0880165552849708,13.186280455486155,0.0720653956270332,1.8030624719627,12.278957446257,7.0090301587302
GSD Yatırım Bankası A.Ş.,2021,820460.0,77951.0,44787.0,0.0950088974477732,13.617620437562197,0.0545876703312775,11.811094450408,19.596492691332,8.8853682730924
GSD Yatırım Bankası A.Ş.,2022,980387.0,157591.0,93839.0,0.1607436655116806,13.79570267065426,0.095716283467651,5.4412251147839,72.308835989121,16.563770238095
GSD Yatırım Bankası A.Ş.,2023,1387930.0,239804.0,99863.0,0.172778166045838,14.14332398650048,0.0719510349945602,5.045123697229,53.859408759332,23.743790118577
GSD Yatırım Bankası A.Ş.,2024,1691735.0,452663.0,105511.0,0.267573231032047,14.341265187496866,0.0623685151634268,3.3276230886148,58.506450730034,32.7921452
Golden Global Yatırım Bankası A.Ş.,2020,219456.0,9591.0,817.0,0.0437035214348206,12.298907035822593,0.0037228419364246,1.8030624719627,12.278957446257,7.0090301587302
Golden Global Yatırım Bankası A.Ş.,2021,803991.0,18511.0,64498.0,0.0230238895709031,13.5973433540686,0.0802222910455465,11.811094450408,19.596492691332,8.8853682730924
Golden Global Yatırım Bankası A.Ş.,2022,2565625.0,192404.0,94561.0,0.0749930328867235,14.75771267162293,0.0368569062119366,5.4412251147839,72.308835989121,16.563770238095
Golden Global Yatırım Bankası A.Ş.,2023,12377356.0,960871.0,464884.0,0.0776313616575301,16.331379232136708,0.0375592331674066,5.045123697229,53.859408759332,23.743790118577
Golden Global Yatırım Bankası A.Ş.,2024,15907279.0,659431.0,704636.0,0.0414546699030047,16.582287361174725,0.0442964507003366,3.3276230886148,58.506450730034,32.7921452
HSBC Bank A.Ş.,2002,3169005.0,30048.0,44937.0,0.0094818405146094,14.968928216456604,0.0141801606497938,6.4355088481566,,1.5058395256917
HSBC Bank A.Ş.,2003,3569404.0,94727.0,86284.0,0.0265386042039511,15.087909193039946,0.0241732233168338,5.7990932017934,,1.49306776
HSBC Bank A.Ş.,2004,5283207.0,108106.0,131265.0,0.0204621927552715,15.48004385766164,0.0248457045124296,9.9254055215426,8.5982616811527,1.4223412301587
HSBC Bank A.Ş.,2005,7856015.0,237454.0,145374.0,0.0302257569518388,15.876790038383252,0.0185048017347217,9.1115774633457,8.17916036802,1.3407909448819
HSBC Bank A.Ş.,2006,10272243.0,280618.0,184756.0,0.0273180842781853,16.144955961174123,0.0179859452312411,7.0676260779544,9.5972421228844,1.4311067729084
HSBC Bank A.Ş.,2007,13432212.0,364140.0,272282.0,0.0271094589632742,16.41316626081925,0.0202708235992701,5.1081851387958,8.7561809097264,1.3015083333333
HSBC Bank A.Ş.,2008,14695934.0,249686.0,348347.0,0.0169901416269289,16.50308141484905,0.0237036312220781,0.92011821604875,10.444128376489,1.2929075697211
HSBC Bank A.Ş.,2009,13849717.0,246323.0,355973.0,0.0177854175648498,16.443775357175863,0.025702546846264,-4.8826940134567,6.2509766309063,1.5470646825397
HSBC Bank A.Ş.,2010,17737319.0,242738.0,353506.0,0.0136851572664391,16.691181396029098,0.0199300694766779,8.5421984780215,8.5664442055297,1.500364
HSBC Bank A.Ş.,2011,24131941.2253,240787.0,403341.0,0.0099779374461412,16.999046882989518,0.0167139889921966,10.979962531414,6.471879671151,1.67
HSBC Bank A.Ş.,2012,25298558.0,180798.0,475258.0,0.0071465733343378,17.046257956025983,0.0187859719119168,4.8076269705277,8.8915699651216,1.7924972332016
HSBC Bank A.Ş.,2013,36228638.0,29784.0,576859.0,0.0008221120540054,17.405360469009775,0.0159227349369302,8.4882568867256,7.493090305477,1.9013088
HSBC Bank A.Ş.,2014,33821488.0,-55925.0,618186.0,-0.0016535345813288,17.336606898101376,0.0182779066373425,4.6007944759306,8.8545727136432,2.1878581673307
HSBC Bank A.Ş.,2015,31647393.0,-331456.0,477377.0,-0.0104734061349065,17.270166333493645,0.0150842440639581,5.8055738647945,7.6708536484588,2.7200162055336
HSBC Bank A.Ş.,2016,24369416.0,-356598.0,374583.0,-0.0146330137743144,17.008839461424223,0.0153710289979866,3.323665083597,7.7751341532833,3.0212450199203
HSBC Bank A.Ş.,2017,24627923.0,308737.0,332992.0,0.0125360551111029,17.019391438485695,0.0135209128272814,7.825857301125,11.144311084076,3.6476845849802
HSBC Bank A.Ş.,2018,32811339.0,335584.0,376401.0,0.0102276837894363,17.306284714832987,0.0114716744720476,3.4681530563351,16.332463898893,4.8134494023904
HSBC Bank A.Ş.,2019,34946955.0,469931.0,394667.0,0.013446979858474,17.369341898385017,0.0112933158268009,1.3016236542392,15.176821572002,5.6708297188755
HSBC Bank A.Ş.,2020,43481768.0,430454.0,338054.0,0.0098996434551603,17.587852281764096,0.0077746148684662,1.8030624719627,12.278957446257,7.0090301587302
HSBC Bank A.Ş.,2021,75650292.0,933299.0,434946.0,0.0123370178134937,18.14163185807222,0.005749429228905,11.811094450408,19.596492691332,8.8853682730924
HSBC Bank A.Ş.,2022,88039735.0,3015078.0,756805.0,0.0342467864084325,18.293298804622548,0.0085961753519589,5.4412251147839,72.308835989121,16.563770238095
HSBC Bank A.Ş.,2023,139906442.0,4126840.0,949774.0,0.0294971406677613,18.756484485752125,0.0067886366519134,5.045123697229,53.859408759332,23.743790118577
HSBC Bank A.Ş.,2024,190594471.0,5639761.0,1376464.0,0.0295903704362966,19.06565854036908,0.0072219513650005,3.3276230886148,58.506450730034,32.7921452
Habib Bank Limited,2002,27249.0,389.0,776.0,0.0142757532386509,10.212772102170325,0.0284781092884142,6.4355088481566,,1.5058395256917
Habib Bank Limited,2003,32580.0,1242.0,772.0,0.0381215469613259,10.391453882156036,0.023695518723143,5.7990932017934,,1.49306776
Habib Bank Limited,2004,26507.0,451.0,911.0,0.0170143735617006,10.185164128035993,0.0343682800769608,9.9254055215426,8.5982616811527,1.4223412301587
Habib Bank Limited,2005,25564.0,-531.0,215.0,-0.0207713972774213,10.148940390770171,0.0084102644343608,9.1115774633457,8.17916036802,1.3407909448819
Habib Bank Limited,2006,42906.0,-691.0,259.0,-0.0161049736633571,10.66676695527645,0.006036451778306,7.0676260779544,9.5972421228844,1.4311067729084
Habib Bank Limited,2007,48249.0,2249.0,546.0,0.0466123650231092,10.784130381163758,0.0113162967108126,5.1081851387958,8.7561809097264,1.3015083333333
Habib Bank Limited,2008,80773.0,4451.0,817.0,0.0551050474787367,11.29939803024998,0.0101147660728213,0.92011821604875,10.444128376489,1.2929075697211
Habib Bank Limited,2009,73025.0,3399.0,721.0,0.0465457035261896,11.198557127255942,0.0098733310510099,-4.8826940134567,6.2509766309063,1.5470646825397
Habib Bank Limited,2010,74909.0,1194.0,596.0,0.0159393397322084,11.224029322500268,0.0079563203353402,8.5421984780215,8.5664442055297,1.500364
Habib Bank Limited,2011,79094.0,2573.0,733.0,0.0325309125850254,11.278392297528544,0.0092674539155941,10.979962531414,6.471879671151,1.67
Habib Bank Limited,2012,74307.0,1813.0,576.0,0.0243987780424455,11.21596043891953,0.0077516250151398,4.8076269705277,8.8915699651216,1.7924972332016
Habib Bank Limited,2013,93116.0,2558.0,664.0,0.0274711113020318,11.441601306716198,0.0071308905021693,8.4882568867256,7.493090305477,1.9013088
Habib Bank Limited,2014,78170.0,3020.0,732.0,0.03863374696175,11.266641221214377,0.0093642062172188,4.6007944759306,8.8545727136432,2.1878581673307
Habib Bank Limited,2015,115175.0,3725.0,715.0,0.0323420881267636,11.654207989804116,0.0062079444323855,5.8055738647945,7.6708536484588,2.7200162055336
Habib Bank Limited,2016,188763.0,4770.0,1045.0,0.0252697827434401,12.14824753891174,0.0055360425507117,3.323665083597,7.7751341532833,3.0212450199203
Habib Bank Limited,2017,181668.0,6617.0,1079.0,0.0364235858819384,12.109936124399878,0.0059394059493141,7.825857301125,11.144311084076,3.6476845849802
Habib Bank Limited,2018,204352.0,11066.0,791.0,0.0541516598809896,12.227599276074454,0.0038707720012527,3.4681530563351,16.332463898893,4.8134494023904
Habib Bank Limited,2019,220599.0,7355.0,1007.0,0.033341039623933,12.304101852699697,0.0045648439022842,1.3016236542392,15.176821572002,5.6708297188755
Habib Bank Limited,2020,343298.0,5325.0,520.0,0.0155113050469271,12.746354153620482,0.001514718990498,1.8030624719627,12.278957446257,7.0090301587302
Habib Bank Limited,2021,462996.0,3140.0,-553.0,0.0067819160424712,13.045473693722196,-0.0011943947679893,11.811094450408,19.596492691332,8.8853682730924
Habib Bank Limited,2022,753804.0,3982.0,678.0,0.0052825402889875,13.532887666248426,0.0008994380502093,5.4412251147839,72.308835989121,16.563770238095
Habib Bank Limited,2023,711982.0,26671.0,1173.0,0.0374602166908714,13.47580790917567,0.001647513560736,5.045123697229,53.859408759332,23.743790118577
Habib Bank Limited,2024,677296.0,19756.0,2880.0,0.0291689305709763,13.425863679383104,0.0042522028773239,3.3276230886148,58.506450730034,32.7921452
Hedef Yatırım Bankası A.Ş.,2024,1372843.0,20554.0,4142.0,0.0149718503863879,14.132394330069108,0.0030170966381443,3.3276230886148,58.506450730034,32.7921452
ICBC Turkey Bank A.Ş.,2002,1082031.0,58473.0,10004.0,0.0540400413666521,13.894350388625092,0.0092455761433822,6.4355088481566,,1.5058395256917
ICBC Turkey Bank A.Ş.,2003,1168608.0,6310.0,13253.0,0.0053995865166077,13.971323854877433,0.011340843122758,5.7990932017934,,1.49306776
ICBC Turkey Bank A.Ş.,2004,1361734.0,4275.0,17884.0,0.0031393796438952,14.124269445589963,0.0131332550997478,9.9254055215426,8.5982616811527,1.4223412301587
ICBC Turkey Bank A.Ş.,2005,1958898.0,10135.0,17474.0,0.0051738273253635,14.487892628189808,0.008920321527716,9.1115774633457,8.17916036802,1.3407909448819
ICBC Turkey Bank A.Ş.,2006,2785198.0,15068.0,22050.0,0.0054100282996038,14.839829523968984,0.0079168518719315,7.0676260779544,9.5972421228844,1.4311067729084
ICBC Turkey Bank A.Ş.,2007,2902437.0,42457.0,27106.0,0.0146280522195658,14.88106128689226,0.0093390485305968,5.1081851387958,8.7561809097264,1.3015083333333
ICBC Turkey Bank A.Ş.,2008,2953108.0,12579.0,25748.0,0.0042595800763128,14.89836873303392,0.008718949662525,0.92011821604875,10.444128376489,1.2929075697211
ICBC Turkey Bank A.Ş.,2009,2133095.0,13064.0,18642.0,0.0061244342141348,14.573084534670786,0.0087394138563917,-4.8826940134567,6.2509766309063,1.5470646825397
ICBC Turkey Bank A.Ş.,2010,2573174.0,14232.0,18054.0,0.0055309124062344,14.76065071431746,0.0070162375338783,8.5421984780215,8.5664442055297,1.500364
ICBC Turkey Bank A.Ş.,2011,3488619.0,22018.0,16805.0,0.006311379947194,15.06501651386218,0.0048170923795347,10.979962531414,6.471879671151,1.67
ICBC Turkey Bank A.Ş.,2012,3676903.0,26824.0,17097.0,0.0072952699595284,15.117581379734194,0.004649837104759,4.8076269705277,8.8915699651216,1.7924972332016
ICBC Turkey Bank A.Ş.,2013,3849367.0,43813.0,16207.0,0.0113818713570309,15.163419277161829,0.0042103026289777,8.4882568867256,7.493090305477,1.9013088
ICBC Turkey Bank A.Ş.,2014,3656110.0,12516.0,13227.0,0.0034233105677892,15.11191029863091,0.0036177795525845,4.6007944759306,8.8545727136432,2.1878581673307
ICBC Turkey Bank A.Ş.,2015,6654517.0,-17016.0,10971.0,-0.0025570601142051,15.710806430167745,0.0016486545905585,5.8055738647945,7.6708536484588,2.7200162055336
ICBC Turkey Bank A.Ş.,2016,8217724.0,13700.0,19594.0,0.0016671282705527,15.921803843047686,0.0023843584914752,3.323665083597,7.7751341532833,3.0212450199203
ICBC Turkey Bank A.Ş.,2017,12888024.0,42484.0,58559.0,0.0032963936131714,16.371809066034608,0.0045436755859548,7.825857301125,11.144311084076,3.6476845849802
ICBC Turkey Bank A.Ş.,2018,15519186.0,62069.0,76091.0,0.0039995010047563,16.55758762289027,0.0049030277747814,3.4681530563351,16.332463898893,4.8134494023904
ICBC Turkey Bank A.Ş.,2019,18191150.0,40869.0,92466.0,0.0022466419110391,16.71644577004621,0.0050830211394002,1.3016236542392,15.176821572002,5.6708297188755
ICBC Turkey Bank A.Ş.,2020,24862623.0,58048.0,131000.0,0.0023347496360299,17.02887614934178,0.0052689533200097,1.8030624719627,12.278957446257,7.0090301587302
ICBC Turkey Bank A.Ş.,2021,39130425.0,115894.0,116528.0,0.0029617362959896,17.482410855359404,0.0029779385222624,11.811094450408,19.596492691332,8.8853682730924
ICBC Turkey Bank A.Ş.,2022,60712240.0,1318473.0,168151.0,0.0217167576093387,17.92165588314807,0.002769639202902,5.4412251147839,72.308835989121,16.563770238095
ICBC Turkey Bank A.Ş.,2023,99950495.0,1323195.0,262297.0,0.0132385037212672,18.420185571374656,0.0026242691444399,5.045123697229,53.859408759332,23.743790118577
ICBC Turkey Bank A.Ş.,2024,99312731.0,-301018.0,255315.0,-0.0030310112003666,18.413784328249697,0.0025708184381718,3.3276230886148,58.506450730034,32.7921452
ING Bank A.Ş.,2002,3518921.0,37409.0,-3893.0,0.0106308155255545,15.073664966492194,-0.0011063050292973,6.4355088481566,,1.5058395256917
ING Bank A.Ş.,2003,4499914.0,63118.0,769.0,0.0140264902840365,15.319568843446817,0.0001708921548278,5.7990932017934,,1.49306776
ING Bank A.Ş.,2004,6154234.0,115170.0,97064.0,0.0187139455535814,15.632650858190628,0.0157719059756258,9.9254055215426,8.5982616811527,1.4223412301587
ING Bank A.Ş.,2005,8377436.0,307796.0,102601.0,0.0367410744767253,15.941052459053829,0.0122473033515266,9.1115774633457,8.17916036802,1.3407909448819
ING Bank A.Ş.,2006,11814571.0,104583.0,125235.0,0.0088520353383969,16.28484415816822,0.0106000463326175,7.0676260779544,9.5972421228844,1.4311067729084
ING Bank A.Ş.,2007,12541364.0,135282.0,146249.0,0.0107868649693924,16.344542859183637,0.0116613312555157,5.1081851387958,8.7561809097264,1.3015083333333
ING Bank A.Ş.,2008,16503074.0,140053.0,170968.0,0.0084864795492039,16.619057224548857,0.0103597669137277,0.92011821604875,10.444128376489,1.2929075697211
ING Bank A.Ş.,2009,15233099.0,186522.0,190757.0,0.012244520960574,16.53898118414584,0.0125225339899648,-4.8826940134567,6.2509766309063,1.5470646825397
ING Bank A.Ş.,2010,17299293.0,111825.0,165620.0,0.0064641370025931,16.666176191580902,0.0095738016576746,8.5421984780215,8.5664442055297,1.500364
ING Bank A.Ş.,2011,21065778.0,79013.0,181956.0,0.003750775309604,16.863160386014922,0.0086375162597839,10.979962531414,6.471879671151,1.67
ING Bank A.Ş.,2012,25115397.0,251749.0,189476.0,0.0100236918413035,17.03899164232783,0.0075442168005546,4.8076269705277,8.8915699651216,1.7924972332016
ING Bank A.Ş.,2013,33394602.0,174865.0,232925.0,0.0052363253198825,17.323904828119066,0.0069749296607876,8.4882568867256,7.493090305477,1.9013088
ING Bank A.Ş.,2014,38014360.0,175903.0,268537.0,0.0046272776919037,17.45347454104327,0.0070640936740747,4.6007944759306,8.8545727136432,2.1878581673307
ING Bank A.Ş.,2015,49244874.0,114534.0,288473.0,0.0023258055244491,17.712315838947273,0.0058579294973929,5.8055738647945,7.6708536484588,2.7200162055336
ING Bank A.Ş.,2016,49687660.0,571161.0,414645.0,0.0114950271355101,17.721267170499427,0.0083450297317281,3.323665083597,7.7751341532833,3.0212450199203
ING Bank A.Ş.,2017,52882107.0,843752.0,535845.0,0.0159553400548128,17.78357559764584,0.010132822430846,7.825857301125,11.144311084076,3.6476845849802
ING Bank A.Ş.,2018,58518662.0,1061760.0,583567.0,0.0181439555128584,17.884856269876686,0.0099723230172282,3.4681530563351,16.332463898893,4.8134494023904
ING Bank A.Ş.,2019,57144721.0,1476311.0,588604.0,0.0258345998399397,17.861097572985003,0.0103002340321164,1.3016236542392,15.176821572002,5.6708297188755
ING Bank A.Ş.,2020,61225050.0,626645.0,426316.0,0.0102351080154283,17.930066977462033,0.0069630976209901,1.8030624719627,12.278957446257,7.0090301587302
ING Bank A.Ş.,2021,82643551.0,1200113.0,435233.0,0.0145215565579944,18.230047351358788,0.0052663879363073,11.811094450408,19.596492691332,8.8853682730924
ING Bank A.Ş.,2022,98853442.0,2626289.0,577829.0,0.0265675018174885,18.409148927409685,0.0058453098679153,5.4412251147839,72.308835989121,16.563770238095
ING Bank A.Ş.,2023,140520245.0,1698038.0,960976.0,0.0120839385100702,18.760862128884433,0.0068387014269723,5.045123697229,53.859408759332,23.743790118577
ING Bank A.Ş.,2024,179586801.0,2235135.0,1641313.0,0.0124459870522444,19.006169220040455,0.0091393854718755,3.3276230886148,58.506450730034,32.7921452
Intesa Sanpaolo S.p.A.,2014,1457329.0,39202.0,100.0,0.0268998970033533,14.192115866138517,6.861868527971378e-05,4.6007944759306,8.8545727136432,2.1878581673307
Intesa Sanpaolo S.p.A.,2015,4178836.0,50497.0,840.0,0.0120839870241378,15.245543296821754,0.0002010129136438,5.8055738647945,7.6708536484588,2.7200162055336
Intesa Sanpaolo S.p.A.,2016,5792216.0,96766.0,5293.0,0.0167062139947819,15.572025505170007,0.0009138126064359,3.323665083597,7.7751341532833,3.0212450199203
Intesa Sanpaolo S.p.A.,2017,10588475.0,106821.0,-7046.0,0.0100884216093441,16.175276703430903,-0.0006654404907222,7.825857301125,11.144311084076,3.6476845849802
Intesa Sanpaolo S.p.A.,2018,12044538.0,224511.0,-48611.0,0.0186400673898824,16.30412183713111,-0.0040359372854317,3.4681530563351,16.332463898893,4.8134494023904
Intesa Sanpaolo S.p.A.,2019,14211503.0,334587.0,-59065.0,0.0235433929824312,16.469562265064067,-0.004156140275944,1.3016236542392,15.176821572002,5.6708297188755
Intesa Sanpaolo S.p.A.,2020,20142354.0,184251.0,-83985.0,0.0091474412573624,16.81833532025175,-0.0041695722356979,1.8030624719627,12.278957446257,7.0090301587302
Intesa Sanpaolo S.p.A.,2021,34692498.0,492651.0,-108421.0,0.0142005052504434,17.36203402557795,-0.003125200151341,11.811094450408,19.596492691332,8.8853682730924
Intesa Sanpaolo S.p.A.,2022,31435211.0,771168.0,-160735.0,0.0245319810323525,17.26343919204017,-0.0051132152413419,5.4412251147839,72.308835989121,16.563770238095
Intesa Sanpaolo S.p.A.,2023,8318976.0,697183.0,-7859.0,0.0838063482813269,15.934049728299728,-0.0009447076178606,5.045123697229,53.859408759332,23.743790118577
Intesa Sanpaolo S.p.A.,2024,7455503.0,1351729.0,14700.0,0.1813062109960924,15.824462975400518,0.0019716979525056,3.3276230886148,58.506450730034,32.7921452
JPMorgan Chase Bank N.A.,2002,97662.0,2374.0,2851.0,0.0243083287256046,11.489267816619554,0.029192521144355,6.4355088481566,,1.5058395256917
JPMorgan Chase Bank N.A.,2003,73126.0,10719.0,2360.0,0.1465826108360911,11.199939259654329,0.0322730629324727,5.7990932017934,,1.49306776
JPMorgan Chase Bank N.A.,2004,430116.0,823.0,1175.0,0.001913437305285,12.971810218730912,0.0027318211831226,9.9254055215426,8.5982616811527,1.4223412301587
JPMorgan Chase Bank N.A.,2005,353348.0,16803.0,3464.0,0.0475536864507511,12.77520868599261,0.0098033666527049,9.1115774633457,8.17916036802,1.3407909448819
JPMorgan Chase Bank N.A.,2006,220810.0,5226.0,7656.0,0.0236674063674652,12.305057882214594,0.0346723427381006,7.0676260779544,9.5972421228844,1.4311067729084
JPMorgan Chase Bank N.A.,2007,175331.0,21916.0,16495.0,0.1249978611882667,12.074430894978397,0.0940791987726072,5.1081851387958,8.7561809097264,1.3015083333333
JPMorgan Chase Bank N.A.,2008,242903.0,21019.0,10852.0,0.0865324841603438,12.400417465675623,0.0446762699513797,0.92011821604875,10.444128376489,1.2929075697211
JPMorgan Chase Bank N.A.,2009,199417.0,22602.0,2155.0,0.1133403872287718,12.203153388643113,0.01080650095027,-4.8826940134567,6.2509766309063,1.5470646825397
JPMorgan Chase Bank N.A.,2010,701594.0,21291.0,5124.0,0.0303466107178795,13.46111016812213,0.0073033691850272,8.5421984780215,8.5664442055297,1.500364
JPMorgan Chase Bank N.A.,2011,2223732.0,38723.0,10041.0,0.0174135192550181,14.614697423494349,0.0045153822492998,10.979962531414,6.471879671151,1.67
JPMorgan Chase Bank N.A.,2012,428902.0,48290.0,12792.0,0.112589822383668,12.968983733585729,0.0298249949871998,4.8076269705277,8.8915699651216,1.7924972332016
JPMorgan Chase Bank N.A.,2013,330077.0,26004.0,7153.0,0.0787816176225547,12.707081239558008,0.0216707010788391,8.4882568867256,7.493090305477,1.9013088
JPMorgan Chase Bank N.A.,2014,383512.0,40397.0,16593.0,0.10533438327875,12.857126190043058,0.0432659212749535,4.6007944759306,8.8545727136432,2.1878581673307
JPMorgan Chase Bank N.A.,2015,481560.0,35503.0,22160.0,0.0737249771575712,13.084786113048963,0.0460171110557355,5.8055738647945,7.6708536484588,2.7200162055336
JPMorgan Chase Bank N.A.,2016,445049.0,31642.0,21977.0,0.0710977892321969,13.005939667446007,0.0493810793867641,3.323665083597,7.7751341532833,3.0212450199203
JPMorgan Chase Bank N.A.,2017,511961.0,32242.0,27281.0,0.0629774533607052,13.14600372924542,0.0532872621156689,7.825857301125,11.144311084076,3.6476845849802
JPMorgan Chase Bank N.A.,2018,528810.0,42484.0,35188.0,0.0803388740757549,13.178384478082108,0.0665418581343015,3.4681530563351,16.332463898893,4.8134494023904
JPMorgan Chase Bank N.A.,2019,699262.0,92110.0,38451.0,0.1317245896387906,13.457780772161144,0.0549879730344277,1.3016236542392,15.176821572002,5.6708297188755
JPMorgan Chase Bank N.A.,2020,832932.0,100295.0,58572.0,0.1204119904145836,13.632707285163791,0.0703202662402213,1.8030624719627,12.278957446257,7.0090301587302
JPMorgan Chase Bank N.A.,2021,1028097.0,165442.0,97208.0,0.1609206135218758,13.843220078522467,0.0945513896062336,11.811094450408,19.596492691332,8.8853682730924
JPMorgan Chase Bank N.A.,2022,1666674.0,394977.0,88731.0,0.236985157265308,14.326340581720585,0.0532383657511906,5.4412251147839,72.308835989121,16.563770238095
JPMorgan Chase Bank N.A.,2023,2130013.0,298830.0,210804.0,0.140294918387822,14.571638640953369,0.0989684100519574,5.045123697229,53.859408759332,23.743790118577
JPMorgan Chase Bank N.A.,2024,5451860.0,1654266.0,732058.0,0.3034314894366326,15.51146739281882,0.1342767422494341,3.3276230886148,58.506450730034,32.7921452
MUFG Bank Turkey A.Ş.,2013,691743.0,4382.0,-17.0,0.0063347225776046,13.446969778335232,-2.4575601054148724e-05,8.4882568867256,7.493090305477,1.9013088
MUFG Bank Turkey A.Ş.,2014,3228670.0,1157.0,144.0,0.0003583518910263,14.987580845694591,4.4600408217625217e-05,4.6007944759306,8.8545727136432,2.1878581673307
MUFG Bank Turkey A.Ş.,2015,5666832.0,15281.0,-1779.0,0.0026965683824754,15.550140789397345,-0.0003139320170423,5.8055738647945,7.6708536484588,2.7200162055336
MUFG Bank Turkey A.Ş.,2016,8687759.0,41236.0,-4580.0,0.0047464484224297,15.977425581360428,-0.0005271785278574,3.323665083597,7.7751341532833,3.0212450199203
MUFG Bank Turkey A.Ş.,2017,9731463.0,80875.0,5265.0,0.008310672300763,16.09087480257153,0.0005410286202598,7.825857301125,11.144311084076,3.6476845849802
MUFG Bank Turkey A.Ş.,2018,15709510.0,155776.0,-9736.0,0.0099160317540139,16.569776819420742,-0.0006197519846258,3.4681530563351,16.332463898893,4.8134494023904
MUFG Bank Turkey A.Ş.,2019,10877794.0,179321.0,8572.0,0.016485052024335,16.20223402148108,0.0007880274254136,1.3016236542392,15.176821572002,5.6708297188755
MUFG Bank Turkey A.Ş.,2020,13805176.0,135713.0,-4662.0,0.0098305881793901,16.440554152269108,-0.000337699425201,1.8030624719627,12.278957446257,7.0090301587302
MUFG Bank Turkey A.Ş.,2021,23385433.0,297541.0,-2714.0,0.0127233479063654,16.967623865113527,-0.0001160551527953,11.811094450408,19.596492691332,8.8853682730924
MUFG Bank Turkey A.Ş.,2022,36635184.0,547071.0,-67398.0,0.0149329398755032,17.41651964808304,-0.0018397068785023,5.4412251147839,72.308835989121,16.563770238095
MUFG Bank Turkey A.Ş.,2023,53178216.0,1362658.0,-174152.0,0.0256243646834636,17.789159396770422,-0.00327487480964,5.045123697229,53.859408759332,23.743790118577
MUFG Bank Turkey A.Ş.,2024,57187216.0,2069095.0,-97850.0,0.0361810758544357,17.861840934867466,-0.0017110467486299,3.3276230886148,58.506450730034,32.7921452
Misyon Yatırım Bankası A.Ş.,2023,528383.0,-53642.0,-129.0,-0.1015210557493333,13.17757667851624,-0.0002441410870523,5.045123697229,53.859408759332,23.743790118577
Misyon Yatırım Bankası A.Ş.,2024,1018618.0,-268238.0,2585.0,-0.2633352247849537,13.833957364590074,0.0025377521308282,3.3276230886148,58.506450730034,32.7921452
Nurol Yatırım Bankası A.Ş.,2002,67674.0,1404.0,3184.0,0.0207465200815675,11.122457337867973,0.0470490882761474,6.4355088481566,,1.5058395256917
Nurol Yatırım Bankası A.Ş.,2003,62977.0,-4205.0,1886.0,-0.0667704082442796,11.050524859350896,0.0299474411293011,5.7990932017934,,1.49306776
Nurol Yatırım Bankası A.Ş.,2004,87102.0,1135.0,3210.0,0.0130306996395031,11.374835124689485,0.0368533443548942,9.9254055215426,8.5982616811527,1.4223412301587
Nurol Yatırım Bankası A.Ş.,2005,114560.0,-2131.0,1630.0,-0.0186016061452513,11.648853982194472,0.0142283519553072,9.1115774633457,8.17916036802,1.3407909448819
Nurol Yatırım Bankası A.Ş.,2006,167763.0,-25512.0,2335.0,-0.1520716725380447,12.030307548105466,0.0139184444722614,7.0676260779544,9.5972421228844,1.4311067729084
Nurol Yatırım Bankası A.Ş.,2007,131527.0,6866.0,1539.0,0.0522022094322838,11.786967432717953,0.0117010195625232,5.1081851387958,8.7561809097264,1.3015083333333
Nurol Yatırım Bankası A.Ş.,2008,133741.0,1593.0,1412.0,0.011911081867191,11.803660372774573,0.0105577197717977,0.92011821604875,10.444128376489,1.2929075697211
Nurol Yatırım Bankası A.Ş.,2009,174715.0,2330.0,2030.0,0.0133360043499413,12.07091135391308,0.0116189222447986,-4.8826940134567,6.2509766309063,1.5470646825397
Nurol Yatırım Bankası A.Ş.,2010,217056.0,333.0,2637.0,0.0015341662980981,12.287910663745809,0.0121489385227775,8.5421984780215,8.5664442055297,1.500364
Nurol Yatırım Bankası A.Ş.,2011,182601.0,6481.0,2315.0,0.0354926862393962,12.115058723579269,0.0126779152359516,10.979962531414,6.471879671151,1.67
Nurol Yatırım Bankası A.Ş.,2012,248461.0,3258.0,2673.0,0.0131127219161156,12.423041170552292,0.0107582276494097,4.8076269705277,8.8915699651216,1.7924972332016
Nurol Yatırım Bankası A.Ş.,2013,432949.0,-551.0,3187.0,-0.0012726672194646,12.978375217137744,0.0073611441532374,8.4882568867256,7.493090305477,1.9013088
Nurol Yatırım Bankası A.Ş.,2014,634212.0,16415.0,9699.0,0.0258825124721701,13.36013856238325,0.0152929935100565,4.6007944759306,8.8545727136432,2.1878581673307
Nurol Yatırım Bankası A.Ş.,2015,719301.0,18826.0,9263.0,0.0261726314852891,13.486035186094991,0.0128777799558182,5.8055738647945,7.6708536484588,2.7200162055336
Nurol Yatırım Bankası A.Ş.,2016,1174214.0,37004.0,1571.0,0.0315138467093732,13.976109545552555,0.0013379162571728,3.323665083597,7.7751341532833,3.0212450199203
Nurol Yatırım Bankası A.Ş.,2017,1700393.0,57497.0,5925.0,0.0338139477167925,14.34636995877987,0.0034844885858739,7.825857301125,11.144311084076,3.6476845849802
Nurol Yatırım Bankası A.Ş.,2018,2697573.0,64980.0,11207.0,0.0240883193893177,14.807863037842786,0.0041544751522943,3.4681530563351,16.332463898893,4.8134494023904
Nurol Yatırım Bankası A.Ş.,2019,3308642.0,68418.0,48801.0,0.0206785744725479,15.01204839126538,0.0147495558600779,1.3016236542392,15.176821572002,5.6708297188755
Nurol Yatırım Bankası A.Ş.,2020,4405522.0,108906.0,23676.0,0.0247203396101528,15.298369312034255,0.0053741645144434,1.8030624719627,12.278957446257,7.0090301587302
Nurol Yatırım Bankası A.Ş.,2021,7066683.0,189195.0,100626.0,0.0267728154779264,15.770901762292215,0.0142394953898455,11.811094450408,19.596492691332,8.8853682730924
Nurol Yatırım Bankası A.Ş.,2022,17523288.0,1438503.0,320508.0,0.0820909295104891,16.679041297097353,0.0182904030339511,5.4412251147839,72.308835989121,16.563770238095
Nurol Yatırım Bankası A.Ş.,2023,31185144.0,2857155.0,1046212.0,0.0916191055587237,17.255452385536316,0.0335484101019382,5.045123697229,53.859408759332,23.743790118577
Nurol Yatırım Bankası A.Ş.,2024,51417146.0,4218697.0,823372.0,0.0820484474186879,17.75548225456657,0.016013568703327,3.3276230886148,58.506450730034,32.7921452
Odea Bank A.Ş.,2012,3634179.0,-19572.0,5280.0,-0.005385535495087,15.105893783742228,0.0014528728496862,4.8076269705277,8.8915699651216,1.7924972332016
Odea Bank A.Ş.,2013,16109796.0,-137005.0,7114.0,-0.0085044528186452,16.59493809213071,0.0004415946669964,8.4882568867256,7.493090305477,1.9013088
Odea Bank A.Ş.,2014,25622137.0,347.0,42327.0,1.3542976528460529e-05,17.058967262351672,0.0016519699352165,4.6007944759306,8.8545727136432,2.1878581673307
Odea Bank A.Ş.,2015,32082708.0,50290.0,98608.0,0.0015675110716963,17.283827751365017,0.0030735560102968,5.8055738647945,7.6708536484588,2.7200162055336
Odea Bank A.Ş.,2016,38278400.0,200354.0,105302.0,0.0052341268182578,17.46039632639232,0.0027509509279384,3.323665083597,7.7751341532833,3.0212450199203
Odea Bank A.Ş.,2017,33104375.0,320572.0,155608.0,0.0096836747408763,17.3151760068395,0.0047005267430664,7.825857301125,11.144311084076,3.6476845849802
Odea Bank A.Ş.,2018,31400618.0,17150.0,118906.0,0.0005461675945358,17.262338132213465,0.0037867407577774,3.4681530563351,16.332463898893,4.8134494023904
Odea Bank A.Ş.,2019,32667338.0,71122.0,106961.0,0.0021771593387866,17.301886298775976,0.0032742490373718,1.3016236542392,15.176821572002,5.6708297188755
Odea Bank A.Ş.,2020,40035829.0,134209.0,77519.0,0.0033522223306528,17.505285336155964,0.001936240660834,1.8030624719627,12.278957446257,7.0090301587302
Odea Bank A.Ş.,2021,55466005.0,205688.0,102646.0,0.003708361545058,17.83128086852558,0.0018506110184066,11.811094450408,19.596492691332,8.8853682730924
Odea Bank A.Ş.,2022,68996849.0,853203.0,187514.0,0.0123658255755998,18.049571394852112,0.0027177183120348,5.4412251147839,72.308835989121,16.563770238095
Odea Bank A.Ş.,2023,83710140.0,1710173.0,1050179.0,0.0204296994366512,18.24287067507541,0.0125454216179784,5.045123697229,53.859408759332,23.743790118577
Odea Bank A.Ş.,2024,79266209.0,-329534.0,750801.0,-0.0041573074347481,18.188322479776716,0.0094718923671497,3.3276230886148,58.506450730034,32.7921452
Pasha Yatırım Bankası A.Ş.,2002,17467.0,-834.0,204.0,-0.0477471803973206,9.768068665428393,0.0116791664281216,6.4355088481566,,1.5058395256917
Pasha Yatırım Bankası A.Ş.,2003,19129.0,-2129.0,127.0,-0.1112969836374091,9.858960787152654,0.0066391342987087,5.7990932017934,,1.49306776
Pasha Yatırım Bankası A.Ş.,2004,5023.0,-1824.0,644.0,-0.3631296038224169,8.521782643750045,0.1282102329285287,9.9254055215426,8.5982616811527,1.4223412301587
Pasha Yatırım Bankası A.Ş.,2005,14971.0,-45.0,1674.0,-0.0030058112350544,9.613870275449836,0.1118161779440251,9.1115774633457,8.17916036802,1.3407909448819
Pasha Yatırım Bankası A.Ş.,2006,18447.0,-688.0,-49.0,-0.0372960372960372,9.82265703462158,-0.0026562584702119,7.0676260779544,9.5972421228844,1.4311067729084
Pasha Yatırım Bankası A.Ş.,2007,16472.0,-149.0,-65.0,-0.0090456532297231,9.709417248707624,-0.0039460903351141,5.1081851387958,8.7561809097264,1.3015083333333
Pasha Yatırım Bankası A.Ş.,2008,21551.0,-3091.0,-57.0,-0.1434272191545636,9.978177498167572,-0.0026448888682659,0.92011821604875,10.444128376489,1.2929075697211
Pasha Yatırım Bankası A.Ş.,2009,25237.0,-3110.0,-56.0,-0.1232317628878234,10.136066450636823,-0.0022189642192019,-4.8826940134567,6.2509766309063,1.5470646825397
Pasha Yatırım Bankası A.Ş.,2010,13904.0,-3598.0,7.0,-0.2587744533947065,9.539931847505173,0.0005034522439585,8.5421984780215,8.5664442055297,1.500364
Pasha Yatırım Bankası A.Ş.,2011,21879.0,-4685.0,242.0,-0.2141322729558023,9.993282551652342,0.0110608345902463,10.979962531414,6.471879671151,1.67
Pasha Yatırım Bankası A.Ş.,2012,19282.0,-1478.0,-18.0,-0.07665179960585,9.866927297224326,-0.0009335131210455,4.8076269705277,8.8915699651216,1.7924972332016
Pasha Yatırım Bankası A.Ş.,2013,50058.0,-9082.0,-69.0,-0.1814295417315913,10.82093761213013,-0.0013784010547764,8.4882568867256,7.493090305477,1.9013088
Pasha Yatırım Bankası A.Ş.,2014,61071.0,-1817.0,46.0,-0.0297522555713841,11.019792400735156,0.000753221660035,4.6007944759306,8.8545727136432,2.1878581673307
Pasha Yatırım Bankası A.Ş.,2015,322405.0,8787.0,345.0,0.0272545400970828,12.683563798179216,0.0010700826600083,5.8055738647945,7.6708536484588,2.7200162055336
Pasha Yatırım Bankası A.Ş.,2016,510357.0,14005.0,1130.0,0.0274415752110777,13.142865759814782,0.0022141363790444,3.323665083597,7.7751341532833,3.0212450199203
Pasha Yatırım Bankası A.Ş.,2017,896845.0,16008.0,1801.0,0.0178492381626702,13.706638327893325,0.0020081507952879,7.825857301125,11.144311084076,3.6476845849802
Pasha Yatırım Bankası A.Ş.,2018,1349565.0,-3563.0,3168.0,-0.0026401099613579,14.115292876267656,0.002347423058541,3.4681530563351,16.332463898893,4.8134494023904
Pasha Yatırım Bankası A.Ş.,2019,1725503.0,25691.0,4017.0,0.0148889917896404,14.361029160145169,0.0023280168159661,1.3016236542392,15.176821572002,5.6708297188755
Pasha Yatırım Bankası A.Ş.,2020,2179409.0,31376.0,4186.0,0.0143965634720238,14.594564297093344,0.0019207041909068,1.8030624719627,12.278957446257,7.0090301587302
Pasha Yatırım Bankası A.Ş.,2021,3562553.0,47125.0,10285.0,0.0132278733818135,15.08598798064136,0.0028869745937814,11.811094450408,19.596492691332,8.8853682730924
Pasha Yatırım Bankası A.Ş.,2022,6155855.0,203873.0,50434.0,0.0331185513628894,15.63291421940749,0.0081928505463497,5.4412251147839,72.308835989121,16.563770238095
Pasha Yatırım Bankası A.Ş.,2023,9910172.0,525002.0,98906.0,0.0529760734727913,16.109072262361405,0.0099802505950451,5.045123697229,53.859408759332,23.743790118577
Pasha Yatırım Bankası A.Ş.,2024,12913309.0,462873.0,82113.0,0.0358446467903772,16.373769042915985,0.00635878844067,3.3276230886148,58.506450730034,32.7921452
Q Yatırım Bankası A.Ş.,2023,1889794.0,150577.0,-10660.0,0.0796790549657793,14.451978386386475,-0.0056408264604501,5.045123697229,53.859408759332,23.743790118577
Q Yatırım Bankası A.Ş.,2024,3830855.0,47172.0,15605.0,0.0123137002053066,15.158598573840935,0.0040735031735735,3.3276230886148,58.506450730034,32.7921452
QNB Bank A.Ş.,2002,4926857.0,188426.0,116731.0,0.0382446659198754,15.4102118173582,0.0236927923826488,6.4355088481566,,1.5058395256917
QNB Bank A.Ş.,2003,5732029.0,153075.0,100031.0,0.0267052033407367,15.56158012723352,0.0174512375984141,5.7990932017934,,1.49306776
QNB Bank A.Ş.,2004,8630097.0,191560.0,189640.0,0.0221967377655199,15.970766302857394,0.0219742605442325,9.9254055215426,8.5982616811527,1.4223412301587
QNB Bank A.Ş.,2005,12314145.0,350441.0,295695.0,0.0284584110386876,16.326259159599168,0.0240126293786535,9.1115774633457,8.17916036802,1.3407909448819
QNB Bank A.Ş.,2006,17895459.0,740972.0,383642.0,0.0414055878644968,16.700057551476117,0.0214379524995698,7.0676260779544,9.5972421228844,1.4311067729084
QNB Bank A.Ş.,2007,20882311.0,552726.0,500549.0,0.0264686221750073,16.85441299493075,0.0239700002552399,5.1081851387958,8.7561809097264,1.3015083333333
QNB Bank A.Ş.,2008,26572978.0,362648.0,575346.0,0.013647247214821,17.09540539275005,0.0216515439105093,0.92011821604875,10.444128376489,1.2929075697211
QNB Bank A.Ş.,2009,29317630.0,650114.0,577417.0,0.0221748483762159,17.193699599519174,0.0196952141083709,-4.8826940134567,6.2509766309063,1.5470646825397
QNB Bank A.Ş.,2010,38087203.0,914674.0,593616.0,0.0240152578282001,17.455388904411762,0.0155857073568778,8.5421984780215,8.5664442055297,1.500364
QNB Bank A.Ş.,2011,46198873.0,848112.0,801279.0,0.018357850417693,17.648465961815038,0.0173441243902205,10.979962531414,6.471879671151,1.67
QNB Bank A.Ş.,2012,54401608.0,902346.0,1028813.0,0.0165867523621728,17.811904270212846,0.0189114446764147,4.8076269705277,8.8915699651216,1.7924972332016
QNB Bank A.Ş.,2013,66009767.0,734239.0,1031522.0,0.0111231872701504,18.005313273890508,0.0156268086812062,8.4882568867256,7.493090305477,1.9013088
QNB Bank A.Ş.,2014,75206354.0,877428.0,1333530.0,0.0116669397375652,18.135746280031444,0.0177316134751061,4.6007944759306,8.8545727136432,2.1878581673307
QNB Bank A.Ş.,2015,85727397.0,705772.0,1313835.0,0.0082327473444691,18.266683017427155,0.0153257306996035,5.8055738647945,7.6708536484588,2.7200162055336
QNB Bank A.Ş.,2016,101503054.0,1203410.0,1362603.0,0.0118558994293905,18.435599444663413,0.0134242561805086,3.323665083597,7.7751341532833,3.0212450199203
QNB Bank A.Ş.,2017,125857170.0,1603441.0,1685893.0,0.0127401641082506,18.650658250509135,0.013395287690006,7.825857301125,11.144311084076,3.6476845849802
QNB Bank A.Ş.,2018,157415735.0,2409829.0,2139885.0,0.0153086919805062,18.874400857184884,0.0135938443510745,3.4681530563351,16.332463898893,4.8134494023904
QNB Bank A.Ş.,2019,181680511.0,2622156.6386403,2691463.8026300003,0.0144327898694665,19.017760268395225,0.0148142681227377,1.3016236542392,15.176821572002,5.6708297188755
QNB Bank A.Ş.,2020,227253348.0,2487009.0,2362819.0,0.0109437727623709,19.241576023586603,0.0103972901644555,1.8030624719627,12.278957446257,7.0090301587302
QNB Bank A.Ş.,2021,371369241.0,3928114.0,3391172.0,0.0105773811245719,19.732707384390185,0.0091315370946405,11.811094450408,19.596492691332,8.8853682730924
QNB Bank A.Ş.,2022,601755176.0,17223766.0,6128001.0,0.028622547319809,20.21536123616919,0.0101835451432826,5.4412251147839,72.308835989121,16.563770238095
QNB Bank A.Ş.,2023,987816567.0,33172442.0,18317334.0,0.033581580941434,20.71100757754384,0.0185432544987879,5.045123697229,53.859408759332,23.743790118577
QNB Bank A.Ş.,2024,1511869768.0,36174341.0,49642031.0,0.0239268895811401,21.136612978719025,0.0328348592257848,3.3276230886148,58.506450730034,32.7921452
Rabobank A.Ş.,2014,783228.0,19177.0,-222.0,0.0244845689888512,13.571179120325482,-0.0002834423692717,4.6007944759306,8.8545727136432,2.1878581673307
Rabobank A.Ş.,2015,882352.0,27998.0,2912.0,0.0317311005131738,13.690346348343033,0.0033002701869548,5.8055738647945,7.6708536484588,2.7200162055336
Rabobank A.Ş.,2016,1196308.0,40786.0,5713.0,0.0340932268278737,13.994750705422431,0.0047755260351013,3.323665083597,7.7751341532833,3.0212450199203
Rabobank A.Ş.,2017,1418247.0,64729.0,6994.0,0.0456401458984224,14.164932159903657,0.0049314400100969,7.825857301125,11.144311084076,3.6476845849802
Rabobank A.Ş.,2018,1819639.0,68132.0,7296.0,0.0374425916349341,14.414148687730336,0.004009586516886,3.4681530563351,16.332463898893,4.8134494023904
Rabobank A.Ş.,2019,1734025.0,135462.0,13013.0,0.0781199809691325,14.36595585375041,0.0075045054137051,1.3016236542392,15.176821572002,5.6708297188755
Rabobank A.Ş.,2020,1835148.0,77104.0,14655.0,0.0420151399233195,14.422635690169406,0.007985731940966,1.8030624719627,12.278957446257,7.0090301587302
Rabobank A.Ş.,2021,2230457.0,135713.0,21118.0,0.0608453783238143,14.617717055175882,0.0094680148507682,11.811094450408,19.596492691332,8.8853682730924
Rabobank A.Ş.,2022,1422772.0,98174.0,38001.0,0.0690019201952245,14.168117639357591,0.0267091283775615,5.4412251147839,72.308835989121,16.563770238095
Rabobank A.Ş.,2023,1491356.0,94551.0,3468.0,0.0633993493169974,14.215196331175736,0.002325400507994,5.045123697229,53.859408759332,23.743790118577
Rabobank A.Ş.,2024,1904012.0,376661.0,-75.0,0.197824908666542,14.459473796834596,-3.939050804301654e-05,3.3276230886148,58.506450730034,32.7921452
Société Générale (SA),2002,158855.0,36.0,1854.0,0.0002266217619841,11.975747115437738,0.0116710207421862,6.4355088481566,,1.5058395256917
Société Générale (SA),2003,147120.98,13814.0,2063.0,0.0938955137465778,11.899010520484946,0.0140224732053851,5.7990932017934,,1.49306776
Société Générale (SA),2004,386983.0,6029.0,2763.0,0.0155794957401229,12.866136043398493,0.0071398485204776,9.9254055215426,8.5982616811527,1.4223412301587
Société Générale (SA),2005,444703.0,8352.0,2991.0,0.0187810741101364,13.005161922597011,0.0067258372441831,9.1115774633457,8.17916036802,1.3407909448819
Société Générale (SA),2006,656643.0,-15753.0,4224.0,-0.0239902047231143,13.394895770787446,0.0064327191487611,7.0676260779544,9.5972421228844,1.4311067729084
Société Générale (SA),2007,576055.0,-15003.0,4379.0,-0.0260443881226619,13.263958421230631,0.007601704698336,5.1081851387958,8.7561809097264,1.3015083333333
Société Générale (SA),2008,475830.0,-18521.0,5273.0,-0.03892356513881,13.072815926565715,0.0110816888384507,0.92011821604875,10.444128376489,1.2929075697211
Société Générale (SA),2009,360488.0,-16468.0,4496.0,-0.045682519251681,12.795213948051863,0.0124719824238254,-4.8826940134567,6.2509766309063,1.5470646825397
Société Générale (SA),2010,674270.0,4013.0,5394.0,0.0059516217538968,13.421385903150112,0.0079997627063342,8.5421984780215,8.5664442055297,1.500364
Société Générale (SA),2011,991916.0,11554.0,1964.0,0.0116481637558019,13.80739370526232,0.0019800063715072,10.979962531414,6.471879671151,1.67
Société Générale (SA),2012,593944.0,7474.0,-1255.0,0.0125836779224977,13.294540317806236,-0.0021129938175989,4.8076269705277,8.8915699651216,1.7924972332016
Société Générale (SA),2013,1258411.0,6105.0,542.0,0.0048513561944388,14.045360371946742,0.0004307018931016,8.4882568867256,7.493090305477,1.9013088
Société Générale (SA),2014,830820.0,-1145.0,-1541.0,-0.0013781565200645,13.630168443876814,-0.0018547940588815,4.6007944759306,8.8545727136432,2.1878581673307
Société Générale (SA),2015,466662.0,-13988.0,-146.0,-0.0299745854601403,13.053360505867378,-0.0003128602714598,5.8055738647945,7.6708536484588,2.7200162055336
Société Générale (SA),2016,294109.0,-37711.0,1370.0,-0.1282211697023892,12.59170572590997,0.0046581369492263,3.323665083597,7.7751341532833,3.0212450199203
Société Générale (SA),2017,478216.0,980.0,1853.0,0.0020492831691118,13.077817792250476,0.0038748180738411,7.825857301125,11.144311084076,3.6476845849802
Société Générale (SA),2018,761673.0,177.0,2985.0,0.000232383188061,13.54327260870623,0.0039190046122154,3.4681530563351,16.332463898893,4.8134494023904
Société Générale (SA),2019,171159.0,-1570.0,3107.0,-0.0091727574944934,12.050348228027124,0.0181527118059815,1.3016236542392,15.176821572002,5.6708297188755
Société Générale (SA),2020,104553.0,-2821.0,1762.0,-0.0269815308982047,11.557449398849696,0.0168526967184107,1.8030624719627,12.278957446257,7.0090301587302
Société Générale (SA),2021,127943.0,-6131.0,2104.0,-0.0479197767755953,11.759340131220698,0.0164448230852801,11.811094450408,19.596492691332,8.8853682730924
Société Générale (SA),2022,170146.0,3380.0,2351.0,0.01986529216085,12.044412170983897,0.0138175449319995,5.4412251147839,72.308835989121,16.563770238095
Société Générale (SA),2023,221569.0,4695.0,713.0,0.0211897873800035,12.308489332372758,0.003217959191042,5.045123697229,53.859408759332,23.743790118577
Société Générale (SA),2024,267598.0,5771.0,1014.0,0.0215659309860312,12.497241133366726,0.003789265988535,3.3276230886148,58.506450730034,32.7921452
Standard Chartered Yatırım Bankası Türk A.Ş.,2002,222268.0,-3436.0,-414.0,-0.0154588154840102,12.311639139972913,-0.0018626163010419,6.4355088481566,,1.5058395256917
Standard Chartered Yatırım Bankası Türk A.Ş.,2003,351349.0,-1494.0,-258.0,-0.0042521823030661,12.7695353104515,-0.0007343126065535,5.7990932017934,,1.49306776
Standard Chartered Yatırım Bankası Türk A.Ş.,2004,269564.0,-7144.0,48.0,-0.0265020551705717,12.50456111794694,0.0001780653202949,9.9254055215426,8.5982616811527,1.4223412301587
Standard Chartered Yatırım Bankası Türk A.Ş.,2005,648353.0,7799.0,2011.0,0.012028941024411,13.382190580096731,0.0031017053981395,9.1115774633457,8.17916036802,1.3407909448819
Standard Chartered Yatırım Bankası Türk A.Ş.,2006,269567.0,-3561.0,5986.0,-0.013210073933382,12.50457224696753,0.0222059821862468,7.0676260779544,9.5972421228844,1.4311067729084
Standard Chartered Yatırım Bankası Türk A.Ş.,2007,274219.0,1022.0,7869.0,0.003726948169164,12.521682336196973,0.0286960422144344,5.1081851387958,8.7561809097264,1.3015083333333
Standard Chartered Yatırım Bankası Türk A.Ş.,2008,70559.0,-469.0,7132.0,-0.0066469195992006,11.164204518244643,0.1010785300245184,0.92011821604875,10.444128376489,1.2929075697211
Standard Chartered Yatırım Bankası Türk A.Ş.,2009,64465.0,9538.0,18019.0,0.1479562553323508,11.07387771984494,0.2795160164430311,-4.8826940134567,6.2509766309063,1.5470646825397
Standard Chartered Yatırım Bankası Türk A.Ş.,2010,65950.0,5655.0,15085.0,0.0857467778620166,11.09665215814546,0.2287338893100834,8.5421984780215,8.5664442055297,1.500364
Standard Chartered Yatırım Bankası Türk A.Ş.,2011,74869.0,8061.0,15731.0,0.1076680602118366,11.22349519865096,0.2101136652018859,10.979962531414,6.471879671151,1.67
Standard Chartered Yatırım Bankası Türk A.Ş.,2012,68412.0,-4474.0,3101.0,-0.0653978834122668,11.13330352681958,0.0453283049757352,4.8076269705277,8.8915699651216,1.7924972332016
Standard Chartered Yatırım Bankası Türk A.Ş.,2013,73290.0,2453.0,-8.0,0.033469777595852,11.202179452919896,-0.000109155410015,8.4882568867256,7.493090305477,1.9013088
Standard Chartered Yatırım Bankası Türk A.Ş.,2014,76121.0,2828.0,-12.0,0.0371513774122778,11.24007945847566,-0.0001576437513958,4.6007944759306,8.8545727136432,2.1878581673307
Standard Chartered Yatırım Bankası Türk A.Ş.,2015,79216.0,4045.0,324.0,0.0510629165825085,11.279933577601204,0.0040900828115532,5.8055738647945,7.6708536484588,2.7200162055336
Standard Chartered Yatırım Bankası Türk A.Ş.,2016,80658.0,5899.0,-21.0,0.0731359567556844,11.297973272682308,-0.0002603585509186,3.323665083597,7.7751341532833,3.0212450199203
Standard Chartered Yatırım Bankası Türk A.Ş.,2017,83698.0,7133.0,-17.0,0.0852230638724939,11.334970361329477,-0.0002031111854524,7.825857301125,11.144311084076,3.6476845849802
Standard Chartered Yatırım Bankası Türk A.Ş.,2018,90804.0,26501.0,-17.0,0.2918483767234923,11.416458616482522,-0.000187216422184,3.4681530563351,16.332463898893,4.8134494023904
Standard Chartered Yatırım Bankası Türk A.Ş.,2019,109522.0,19661.0,-15.0,0.17951644418473,11.60388072130034,-0.0001369587845364,1.3016236542392,15.176821572002,5.6708297188755
Standard Chartered Yatırım Bankası Türk A.Ş.,2020,124320.0,15191.0,-15.0,0.1221927284427284,11.730614165601477,-0.0001206563706563,1.8030624719627,12.278957446257,7.0090301587302
Standard Chartered Yatırım Bankası Türk A.Ş.,2021,177502.0,39117.0,74090.0,0.2203749816903471,12.086737155439762,0.4174037475634077,11.811094450408,19.596492691332,8.8853682730924
Standard Chartered Yatırım Bankası Türk A.Ş.,2022,322857.0,75954.0,168795.0,0.235255856307901,12.684964779715182,0.522816603016196,5.4412251147839,72.308835989121,16.563770238095
Standard Chartered Yatırım Bankası Türk A.Ş.,2023,566098.0,84698.0,199987.0,0.149617204088338,13.2465224870738,0.3532727548940289,5.045123697229,53.859408759332,23.743790118577
Standard Chartered Yatırım Bankası Türk A.Ş.,2024,955952.0,334670.0,493480.0,0.3500907995380521,13.770462981567992,0.5162183875341021,3.3276230886148,58.506450730034,32.7921452
Tera Yatırım Bankası A.Ş.,2023,550887.0,26197.947600000003,-5621.0524000000005,0.047555937243028,13.21928498543324,-0.0102036395848876,5.045123697229,53.859408759332,23.743790118577
Tera Yatırım Bankası A.Ş.,2024,2633142.0,135038.0,12279.0,0.0512839793676148,14.783688367901556,0.0046632502159017,3.3276230886148,58.506450730034,32.7921452
Turkish Bank A.Ş.,2002,300628.0,2563.0,379.0,0.0085254866479502,12.61362889900235,0.0012606942799739,6.4355088481566,,1.5058395256917
Turkish Bank A.Ş.,2003,364052.0,5019.0,713.0,0.0137864920395987,12.805051993558624,0.0019585114214452,5.7990932017934,,1.49306776
Turkish Bank A.Ş.,2004,419345.0,1375.0,1177.0,0.0032789230824261,12.946449249126976,0.0028067581585567,9.9254055215426,8.5982616811527,1.4223412301587
Turkish Bank A.Ş.,2005,468755.0,3918.0,1317.0,0.0083583108446843,13.057835522876536,0.002809570031253,9.1115774633457,8.17916036802,1.3407909448819
Turkish Bank A.Ş.,2006,648805.0,5761.0,2775.0,0.0088794013609636,13.382887488288787,0.0042770940421235,7.0676260779544,9.5972421228844,1.4311067729084
Turkish Bank A.Ş.,2007,747666.0,1507.0,2032.0,0.0020156058988906,13.524711633170886,0.0027177910992341,5.1081851387958,8.7561809097264,1.3015083333333
Turkish Bank A.Ş.,2008,823201.0,10010.0,2232.0,0.0121598491741385,13.620955678272862,0.002711366968699,0.92011821604875,10.444128376489,1.2929075697211
Turkish Bank A.Ş.,2009,1025939.0,1170.0,2962.0,0.001140418679863,13.841118848754348,0.0028871112220122,-4.8826940134567,6.2509766309063,1.5470646825397
Turkish Bank A.Ş.,2010,1029583.315,3357.0,2214.0,0.0032605423486296,13.84466472981029,0.0021503844980238,8.5421984780215,8.5664442055297,1.500364
Turkish Bank A.Ş.,2011,895765.0,691.0,1634.0,0.0007714076794695,13.70543338077078,0.001824139143637,10.979962531414,6.471879671151,1.67
Turkish Bank A.Ş.,2012,956339.0,1534.0,1838.0,0.0016040337160776,13.770867731687389,0.0019219126272169,4.8076269705277,8.8915699651216,1.7924972332016
Turkish Bank A.Ş.,2013,1124901.0,48.0,1347.0,4.267042166377308e-05,13.93320558974843,0.0011974387079396,8.4882568867256,7.493090305477,1.9013088
Turkish Bank A.Ş.,2014,1400025.0,4703.0,2261.0,0.0033592257281119,14.152000651568908,0.0016149711612292,4.6007944759306,8.8545727136432,2.1878581673307
Turkish Bank A.Ş.,2015,1213712.5601700002,3814.0,2528.0,0.0031424244299373,14.009194451702024,0.0020828654847618,5.8055738647945,7.6708536484588,2.7200162055336
Turkish Bank A.Ş.,2016,1508704.0,5220.0,3117.0,0.0034599232188686,14.22676156211384,0.0020660116232209,3.323665083597,7.7751341532833,3.0212450199203
Turkish Bank A.Ş.,2017,1568089.0,4685.0,3208.0,0.0029877130698576,14.265368238485772,0.0020458022471938,7.825857301125,11.144311084076,3.6476845849802
Turkish Bank A.Ş.,2018,1542444.0,5643.0,4069.0,0.0036584796595532,14.248878729402486,0.0026380212182743,3.4681530563351,16.332463898893,4.8134494023904
Turkish Bank A.Ş.,2019,1465247.0,498.0,7578.0,0.0003398744375521,14.1975343869044,0.0051718242726311,1.3016236542392,15.176821572002,5.6708297188755
Turkish Bank A.Ş.,2020,1632933.0,647.0,8230.0,0.0003962195632031,14.305888342329515,0.0050400108271435,1.8030624719627,12.278957446257,7.0090301587302
Turkish Bank A.Ş.,2021,2233990.0,6027.0,3103.0,0.0026978634640262,14.619299782325523,0.0013889945792058,11.811094450408,19.596492691332,8.8853682730924
Turkish Bank A.Ş.,2022,2894668.0,23649.0,-458.0,0.0081698488393142,14.87838098192933,-0.0001582219446237,5.4412251147839,72.308835989121,16.563770238095
Turkish Bank A.Ş.,2023,3676485.0,80770.0,10442.0,0.0219693538801327,15.11746769064273,0.0028402128663655,5.045123697229,53.859408759332,23.743790118577
Turkish Bank A.Ş.,2024,6269470.0,86610.0,-9043.0,0.0138145648675246,15.651202379530702,-0.0014423866770237,3.3276230886148,58.506450730034,32.7921452
Turkland Bank A.Ş.,2002,132968.0,2329.0,3399.0,0.0175154924493111,11.797863776750946,0.0255625413633355,6.4355088481566,,1.5058395256917
Turkland Bank A.Ş.,2003,227717.0,3530.0,5202.0,0.0155016972821528,12.335858908904816,0.0228441442667872,5.7990932017934,,1.49306776
Turkland Bank A.Ş.,2004,367850.0,4911.0,4615.0,0.0133505504961261,12.81543052536041,0.0125458746771781,9.9254055215426,8.5982616811527,1.4223412301587
Turkland Bank A.Ş.,2005,461371.0,7576.0,6085.0,0.0164206246166317,13.041957770557518,0.013188952058105,9.1115774633457,8.17916036802,1.3407909448819
Turkland Bank A.Ş.,2006,526243.0,-2571.0,6778.0,-0.0048855756751158,13.173518362227552,0.0128799813014139,7.0676260779544,9.5972421228844,1.4311067729084
Turkland Bank A.Ş.,2007,636452.0,602.0,5452.0,0.0009458686593804,13.363664281724311,0.0085662390879437,5.1081851387958,8.7561809097264,1.3015083333333
Turkland Bank A.Ş.,2008,1020632.0,836.0,9544.0,0.0008191003221533,13.835932601225906,0.009351068749559,0.92011821604875,10.444128376489,1.2929075697211
Turkland Bank A.Ş.,2009,1144511.0,2354.0,12729.0,0.0020567735915163,13.950488029512494,0.0111217803935479,-4.8826940134567,6.2509766309063,1.5470646825397
Turkland Bank A.Ş.,2010,1509774.0,2463.0,16472.0,0.0016313699931247,14.22747052871543,0.0109102421951894,8.5421984780215,8.5664442055297,1.500364
Turkland Bank A.Ş.,2011,2203333.0,3561.0,19338.0,0.0016161878390601,14.605481771873816,0.0087767032945088,10.979962531414,6.471879671151,1.67
Turkland Bank A.Ş.,2012,2966250.0,12709.0,21795.0,0.0042845343447113,14.90280908673211,0.0073476611883691,4.8076269705277,8.8915699651216,1.7924972332016
Turkland Bank A.Ş.,2013,4111263.0,14401.0,22280.0,0.0035028165310757,15.22924083853574,0.0054192592398005,8.4882568867256,7.493090305477,1.9013088
Turkland Bank A.Ş.,2014,5088560.0,31931.0,28080.0,0.0062750562045057,15.4425054408387,0.0055182605688053,4.6007944759306,8.8545727136432,2.1878581673307
Turkland Bank A.Ş.,2015,5818733.0,14506.0,28021.0,0.0024929825788535,15.576593098413555,0.0048156531671069,5.8055738647945,7.6708536484588,2.7200162055336
Turkland Bank A.Ş.,2016,5755461.0,13753.0,25950.0,0.0023895566315191,15.565659701187114,0.0045087613311948,3.323665083597,7.7751341532833,3.0212450199203
Turkland Bank A.Ş.,2017,4875217.0,-40375.0,25753.0,-0.0082816826409983,15.399675174243932,0.00528243153074,7.825857301125,11.144311084076,3.6476845849802
Turkland Bank A.Ş.,2018,3624392.0,-265183.0,25855.0,-0.0731662027727685,15.103197108065714,0.0071336102717366,3.4681530563351,16.332463898893,4.8134494023904
Turkland Bank A.Ş.,2019,3900559.0,-447917.0,26573.0,-0.114834053272877,15.176630434161968,0.0068126132690211,1.3016236542392,15.176821572002,5.6708297188755
Turkland Bank A.Ş.,2020,3067706.0,20080.0,21616.0,0.0065456076951311,14.936440608976584,0.0070463075666312,1.8030624719627,12.278957446257,7.0090301587302
Turkland Bank A.Ş.,2021,5078035.0,60270.0,19054.0,0.0118687641971746,15.44043493370036,0.0037522388089093,11.811094450408,19.596492691332,8.8853682730924
Turkland Bank A.Ş.,2022,7438727.0,124653.0,36593.0,0.0167573026943991,15.822210290019092,0.0049192556737194,5.4412251147839,72.308835989121,16.563770238095
Turkland Bank A.Ş.,2023,16897949.0,434953.0,136545.0,0.0257399877346061,16.64270281158172,0.0080805664640128,5.045123697229,53.859408759332,23.743790118577
Turkland Bank A.Ş.,2024,15770534.0,354601.0,34160.0,0.0224850344319349,16.573653820128765,0.0021660648903835,3.3276230886148,58.506450730034,32.7921452
Türk Ekonomi Bankası A.Ş.,2002,2373182.0,18514.0,16625.0,0.0078013401416326,14.679742228642093,0.0070053624205813,6.4355088481566,,1.5058395256917
Türk Ekonomi Bankası A.Ş.,2003,2848979.0,50902.0,18521.0,0.0178667515625773,14.862471242445508,0.0065009254192466,5.7990932017934,,1.49306776
Türk Ekonomi Bankası A.Ş.,2004,3565596.0,33800.0,29931.0,0.0094794811302233,15.086841778783024,0.0083943890446365,9.9254055215426,8.5982616811527,1.4223412301587
Türk Ekonomi Bankası A.Ş.,2005,5421866.0,78717.0,40567.0,0.0145184333216645,15.50595059460772,0.0074821104025809,9.1115774633457,8.17916036802,1.3407909448819
Türk Ekonomi Bankası A.Ş.,2006,8281657.0,105700.0,76989.0,0.0127631463123865,15.9295536271129,0.0092963280174486,7.0676260779544,9.5972421228844,1.4311067729084
Türk Ekonomi Bankası A.Ş.,2007,11800916.0,130286.0,107357.0,0.0110403294117168,16.28368771354171,0.0090973446468053,5.1081851387958,8.7561809097264,1.3015083333333
Türk Ekonomi Bankası A.Ş.,2008,14736055.0,164198.0,191528.0,0.0111426022772037,16.505807769826394,0.0129972370488573,0.92011821604875,10.444128376489,1.2929075697211
Türk Ekonomi Bankası A.Ş.,2009,15063560.0,210167.0,238930.0,0.0139520139993467,16.527789140183035,0.0158614563887952,-4.8826940134567,6.2509766309063,1.5470646825397
Türk Ekonomi Bankası A.Ş.,2010,19031105.0,300301.0,417730.0,0.0157794831146168,16.7615853037978,0.0219498552501286,8.5421984780215,8.5664442055297,1.500364
Türk Ekonomi Bankası A.Ş.,2011,38091738.0,206675.0,335848.0,0.0054257172513367,17.45550796618778,0.0088168200673857,10.979962531414,6.471879671151,1.67
Türk Ekonomi Bankası A.Ş.,2012,43532335.0,485627.0,536890.0,0.0111555467906786,17.589014553256856,0.0123331312230322,4.8076269705277,8.8915699651216,1.7924972332016
Türk Ekonomi Bankası A.Ş.,2013,53408628.0,535048.0,647518.0,0.0100180068284098,17.793482863912615,0.0121238463568096,8.4882568867256,7.493090305477,1.9013088
Türk Ekonomi Bankası A.Ş.,2014,62991889.0,622560.0,880821.0,0.0098831771817479,17.958516530035578,0.0139830859811173,4.6007944759306,8.8545727136432,2.1878581673307
Türk Ekonomi Bankası A.Ş.,2015,71960342.0,882453.0,1016655.0,0.012263046220653,18.09162571967567,0.014127990108774,5.8055738647945,7.6708536484588,2.7200162055336
Türk Ekonomi Bankası A.Ş.,2016,79727390.0,941799.0,977715.0,0.0118127408911793,18.19412374846061,0.0122632259754144,3.323665083597,7.7751341532833,3.0212450199203
Türk Ekonomi Bankası A.Ş.,2017,85758229.0,1068839.0,1059666.0,0.0124633987019484,18.267042604420553,0.012356435205769,7.825857301125,11.144311084076,3.6476845849802
Türk Ekonomi Bankası A.Ş.,2018,96997164.0,1001703.0,1270224.0,0.0103271369872216,18.39019229892684,0.013095475657412,3.4681530563351,16.332463898893,4.8134494023904
Türk Ekonomi Bankası A.Ş.,2019,107350168.0,1070354.0,1437676.0,0.0099706783877599,18.491606647262223,0.0133923963677448,1.3016236542392,15.176821572002,5.6708297188755
Türk Ekonomi Bankası A.Ş.,2020,140048042.0,1177314.0,1157227.0,0.0084065009634336,18.75749607885149,0.0082630716108119,1.8030624719627,12.278957446257,7.0090301587302
Türk Ekonomi Bankası A.Ş.,2021,194057022.0,1912898.0,1385256.0,0.0098574016043593,19.08366260167433,0.0071383966718813,11.811094450408,19.596492691332,8.8853682730924
Türk Ekonomi Bankası A.Ş.,2022,275147416.0,11190604.0,2251416.0,0.0406713032696625,19.4328175701848,0.0081825809332696,5.4412251147839,72.308835989121,16.563770238095
Türk Ekonomi Bankası A.Ş.,2023,406919019.0,11726648.0,4918039.0,0.0288181369079728,19.82412475309364,0.0120860386719845,5.045123697229,53.859408759332,23.743790118577
Türk Ekonomi Bankası A.Ş.,2024,611417816.0,10903731.0,9736170.0,0.0178335186098011,20.23129110667588,0.0159239226355811,3.3276230886148,58.506450730034,32.7921452
Türk Eximbank,2002,4597470.0,106059.0,-4251.0,0.0230689922935875,15.341016710153845,-0.000924638986225,6.4355088481566,,1.5058395256917
Türk Eximbank,2003,4708572.0,234217.0,-2593.0,0.0497426820700628,15.364895235309447,-0.0005506977487017,5.7990932017934,,1.49306776
Türk Eximbank,2004,4461136.0,209673.0,-7760.0,0.0469999121300045,15.310914000083718,-0.0017394672567704,9.9254055215426,8.5982616811527,1.4223412301587
Türk Eximbank,2005,3518126.0,361839.0,-1146.0,0.1028499263528367,15.073439019442704,-0.0003257416022052,9.1115774633457,8.17916036802,1.3407909448819
Türk Eximbank,2006,4141143.0,302931.0,-1426.0,0.0731515429435786,15.236482394653027,-0.0003443493740737,7.0676260779544,9.5972421228844,1.4311067729084
Türk Eximbank,2007,4164396.0,387294.0,-1432.0,0.0930012419568167,15.24208180505975,-0.000343867393975,5.1081851387958,8.7561809097264,1.3015083333333
Türk Eximbank,2008,4942922.0,371031.0,-2501.0,0.0750630902126313,15.413467212273838,-0.0005059760198522,0.92011821604875,10.444128376489,1.2929075697211
Türk Eximbank,2009,6488070.0,342488.0,-6295.0,0.0527873466223391,15.685475663868385,-0.0009702423062636,-4.8826940134567,6.2509766309063,1.5470646825397
Türk Eximbank,2010,6289153.0,256221.0,-9136.0,0.0407401441815773,15.654336961421796,-0.0014526598414762,8.5421984780215,8.5664442055297,1.500364
Türk Eximbank,2011,9660063.0,230256.0,-215.0,0.0238358693933983,16.083510727906564,-2.225658362683556e-05,10.979962531414,6.471879671151,1.67
Türk Eximbank,2012,15468467.0,221191.0,-1182.0,0.0142994777698397,16.55431412261639,-7.641351919359559e-05,4.8076269705277,8.8915699651216,1.7924972332016
Türk Eximbank,2013,24809762.0,245927.0,-1174.0,0.0099125094388249,17.026747762715885,-4.732008311889489e-05,8.4882568867256,7.493090305477,1.9013088
Türk Eximbank,2014,33742277.0,427009.0,29779.0,0.0126550143607676,17.334262119467688,0.0008825426926582,4.6007944759306,8.8545727136432,2.1878581673307
Türk Eximbank,2015,44437795.0,489406.0,13798.0,0.0110132827247616,17.60960090404297,0.0003105014548989,5.8055738647945,7.6708536484588,2.7200162055336
Türk Eximbank,2016,68276314.0,421325.0,13856.0,0.0061708808709269,18.039073470836392,0.0002029400708421,3.323665083597,7.7751341532833,3.0212450199203
Türk Eximbank,2017,85375189.0,568475.0,-7082.0,0.0066585504132822,18.26256608961559,-8.295150011322375e-05,7.825857301125,11.144311084076,3.6476845849802
Türk Eximbank,2018,139429094.0,841802.0,143826.0,0.0060374917160402,18.75306674326585,0.0010315350682835,3.4681530563351,16.332463898893,4.8134494023904
Türk Eximbank,2019,162883112.0,1431635.0,175162.0,0.0087893396830482,18.908543397234286,0.0010753846598903,1.3016236542392,15.176821572002,5.6708297188755
Türk Eximbank,2020,204227274.0,1511388.0,224416.0,0.0074005198737559,19.13474401990803,0.0010988542108239,1.8030624719627,12.278957446257,7.0090301587302
Türk Eximbank,2021,322377480.0,3106517.0,430652.0,0.0096362717395768,19.59123371504042,0.0013358625422594,11.811094450408,19.596492691332,8.8853682730924
Türk Eximbank,2022,346036720.0,6232480.0,857244.0,0.018011036516587,19.66205545455854,0.002477320903978,5.4412251147839,72.308835989121,16.563770238095
Türk Eximbank,2023,607852496.0,11258259.0,1298715.0,0.0185213667363142,20.225442805233865,0.0021365627492627,5.045123697229,53.859408759332,23.743790118577
Türk Eximbank,2024,870570818.0,34840965.0,2286476.0,0.0400208280356119,20.584659667108784,0.002626410112451,3.3276230886148,58.506450730034,32.7921452
Türk Ticaret Bankası A.Ş.,2022,238635.0,7188.0,-45.0,0.0301213149789427,12.38269046690745,-0.0001885725061286,5.4412251147839,72.308835989121,16.563770238095
Türk Ticaret Bankası A.Ş.,2023,255628.0,11993.0,-16.0,0.0469158308166554,12.451478541651658,-6.259095247781934e-05,5.045123697229,53.859408759332,23.743790118577
Türk Ticaret Bankası A.Ş.,2024,7541530.0,-224278.0,12784.0,-0.0297390582547573,15.835935637170996,0.0016951467407807,3.3276230886148,58.506450730034,32.7921452
Türkiye Cumhuriyeti Ziraat Bankası A.Ş.,2002,37689012.0,156295.0,274493.0,0.0041469646378631,17.4448791510499,0.0072831041577847,6.4355088481566,,1.5058395256917
Türkiye Cumhuriyeti Ziraat Bankası A.Ş.,2003,46655144.0,1072487.0,239199.0,0.0229875402377924,17.658293747131403,0.005126958776507,5.7990932017934,,1.49306776
Türkiye Cumhuriyeti Ziraat Bankası A.Ş.,2004,56994364.0,1530665.0,408403.0,0.0268564274179811,17.85846294371717,0.0071656734339556,9.9254055215426,8.5982616811527,1.4223412301587
Türkiye Cumhuriyeti Ziraat Bankası A.Ş.,2005,65050166.0,1802120.0,500335.0,0.0277035419094856,17.990669314802698,0.0076915253375371,9.1115774633457,8.17916036802,1.3407909448819
Türkiye Cumhuriyeti Ziraat Bankası A.Ş.,2006,71903770.0,2100002.0,625820.0,0.0292057287121384,18.09083925525269,0.0087035770168935,7.0676260779544,9.5972421228844,1.4311067729084
Türkiye Cumhuriyeti Ziraat Bankası A.Ş.,2007,80942311.0,2351091.0,727663.0,0.0290465020204328,18.20924724901823,0.0089898965202513,5.1081851387958,8.7561809097264,1.3015083333333
Türkiye Cumhuriyeti Ziraat Bankası A.Ş.,2008,104412496.0,2134259.0,572031.0,0.0204406472573934,18.46385991973671,0.005478568388979,0.92011821604875,10.444128376489,1.2929075697211
Türkiye Cumhuriyeti Ziraat Bankası A.Ş.,2009,124528532.0,3510955.0,436997.0,0.0281939804766991,18.64004542030375,0.0035092118487351,-4.8826940134567,6.2509766309063,1.5470646825397
Türkiye Cumhuriyeti Ziraat Bankası A.Ş.,2010,151159708.0,3712602.0,510581.0,0.0245607910277254,18.833847504715727,0.0033777585757178,8.5421984780215,8.5664442055297,1.500364
Türkiye Cumhuriyeti Ziraat Bankası A.Ş.,2011,160681142.0,2100674.0,625613.0,0.0130735565720587,18.8949324747241,0.0038935060593482,10.979962531414,6.471879671151,1.67
Türkiye Cumhuriyeti Ziraat Bankası A.Ş.,2012,162867757.0,2650428.0,752112.0,0.0162734972766893,18.908449122735135,0.0046179306073454,4.8076269705277,8.8915699651216,1.7924972332016
Türkiye Cumhuriyeti Ziraat Bankası A.Ş.,2013,207529954.0,3330074.0,958779.0,0.0160462330175238,19.15078624384312,0.0046199547656624,8.4882568867256,7.493090305477,1.9013088
Türkiye Cumhuriyeti Ziraat Bankası A.Ş.,2014,247600311.0,4050509.0,1077115.0,0.0163590626507734,19.327326354832085,0.0043502166683465,4.6007944759306,8.8545727136432,2.1878581673307
Türkiye Cumhuriyeti Ziraat Bankası A.Ş.,2015,302848326.0,5162470.0,1300081.0,0.0170463877683774,19.528742663887098,0.0042928452574639,5.8055738647945,7.6708536484588,2.7200162055336
Türkiye Cumhuriyeti Ziraat Bankası A.Ş.,2016,357761365.0,6576420.0,1642848.0,0.0183821414031109,19.69537674389065,0.0045920218355606,3.323665083597,7.7751341532833,3.0212450199203
Türkiye Cumhuriyeti Ziraat Bankası A.Ş.,2017,434274509.0,7940121.0,2217385.0,0.0182836451033786,19.889187401331625,0.0051059524656557,7.825857301125,11.144311084076,3.6476845849802
Türkiye Cumhuriyeti Ziraat Bankası A.Ş.,2018,537156127.0,7960938.0,2637794.0,0.01482052907869,20.101799349509022,0.0049106653864901,3.4681530563351,16.332463898893,4.8134494023904
Türkiye Cumhuriyeti Ziraat Bankası A.Ş.,2019,649756191.0,6186888.0,3589771.0,0.0095218607928585,20.292107759720587,0.0055247969157095,1.3016236542392,15.176821572002,5.6708297188755
Türkiye Cumhuriyeti Ziraat Bankası A.Ş.,2020,942601264.0,7825019.0,3092735.0,0.0083015154963764,20.664153913424787,0.0032810639218493,1.8030624719627,12.278957446257,7.0090301587302
Türkiye Cumhuriyeti Ziraat Bankası A.Ş.,2021,1370890268.0,6291309.0,5450874.0,0.0045892141383266,21.03872619639486,0.0039761563177133,11.811094450408,19.596492691332,8.8853682730924
Türkiye Cumhuriyeti Ziraat Bankası A.Ş.,2022,2311665024.0,41092377.0,13124251.0,0.0177760949676418,21.56123389144643,0.0056774017272149,5.4412251147839,72.308835989121,16.563770238095
Türkiye Cumhuriyeti Ziraat Bankası A.Ş.,2023,3800385002.0,89851480.0,31451328.0,0.0236427309213973,22.05836821486239,0.0082758267868777,5.045123697229,53.859408759332,23.743790118577
Türkiye Cumhuriyeti Ziraat Bankası A.Ş.,2024,5384859627.0,100636808.0,69022084.0,0.0186888452013495,22.40685707980553,0.0128178056218808,3.3276230886148,58.506450730034,32.7921452
Türkiye Garanti Bankası A.Ş.,2002,19563059.0,123074.0,279120.0,0.0062911429137948,16.78915360093626,0.0142677073150983,6.4355088481566,,1.5058395256917
Türkiye Garanti Bankası A.Ş.,2003,22391651.0,301502.0,358876.0,0.013464929406054,16.92419872413242,0.0160272237183403,5.7990932017934,,1.49306776
Türkiye Garanti Bankası A.Ş.,2004,26267917.0,450549.0,554659.0,0.0171520642462818,17.083858866549924,0.0211154542630845,9.9254055215426,8.5982616811527,1.4223412301587
Türkiye Garanti Bankası A.Ş.,2005,36468239.0,708394.0,737637.0,0.019424957700864,17.411952275356363,0.020226833546857,9.1115774633457,8.17916036802,1.3407909448819
Türkiye Garanti Bankası A.Ş.,2006,50286913.0,1063663.0,1014451.0,0.021151884984469,17.73325542229112,0.0201732605857114,7.0676260779544,9.5972421228844,1.4311067729084
Türkiye Garanti Bankası A.Ş.,2007,67578482.0,2315616.0,1197703.0,0.0342655817572226,18.028800176731195,0.0177231415171474,5.1081851387958,8.7561809097264,1.3015083333333
Türkiye Garanti Bankası A.Ş.,2008,88940860.0,1750488.0,1441128.0,0.0196814827290853,18.303482212440148,0.0162032163844604,0.92011821604875,10.444128376489,1.2929075697211
Türkiye Garanti Bankası A.Ş.,2009,105462054.0,2962241.0,1642508.0,0.0280882164498711,18.47386176845573,0.0155743979725636,-4.8826940134567,6.2509766309063,1.5470646825397
Türkiye Garanti Bankası A.Ş.,2010,123963432.0,3145233.0,1815536.0,0.0253722646207471,18.635497176850997,0.0146457384303461,8.5421984780215,8.5664442055297,1.500364
Türkiye Garanti Bankası A.Ş.,2011,146642441.0,3070575.0,2007521.0,0.0209391972682724,18.80350780756558,0.0136899044117793,10.979962531414,6.471879671151,1.67
Türkiye Garanti Bankası A.Ş.,2012,160192491.0,3070325.0,2007605.0,0.0191664726656881,18.8918867188408,0.0125324538464165,4.8076269705277,8.8915699651216,1.7924972332016
Türkiye Garanti Bankası A.Ş.,2013,196896208.0,3005560.0,2615473.0,0.0152646921468391,19.09818728491705,0.0132835112802172,8.4882568867256,7.493090305477,1.9013088
Türkiye Garanti Bankası A.Ş.,2014,218918504.0,3200248.0,2949020.0,0.0146184444965876,19.20421009067014,0.0134708576301983,4.6007944759306,8.8545727136432,2.1878581673307
Türkiye Garanti Bankası A.Ş.,2015,254342586.0,3406507.0,2922551.0,0.0133933803755537,19.35419267999752,0.0114906081830905,5.8055738647945,7.6708536484588,2.7200162055336
Türkiye Garanti Bankası A.Ş.,2016,284155400.0,5070549.0,3151738.0,0.0178442816853031,19.465031829573988,0.0110915998780948,3.323665083597,7.7751341532833,3.0212450199203
Türkiye Garanti Bankası A.Ş.,2017,325232274.0,6343920.0,3680204.0,0.0195058132514856,19.60005017425605,0.0113156174654425,7.825857301125,11.144311084076,3.6476845849802
Türkiye Garanti Bankası A.Ş.,2018,359477202.0,6638236.0,4870051.0,0.0184663616025363,19.700161317259152,0.0135475934854973,3.4681530563351,16.332463898893,4.8134494023904
Türkiye Garanti Bankası A.Ş.,2019,391152270.0,6158841.0,6088510.0,0.0157453796701729,19.784607479478755,0.0155655750125136,1.3016236542392,15.176821572002,5.6708297188755
Türkiye Garanti Bankası A.Ş.,2020,492797820.0,6238003.0,5978016.0,0.0126583413051624,20.0156095464725,0.0121307679486082,1.8030624719627,12.278957446257,7.0090301587302
Türkiye Garanti Bankası A.Ş.,2021,757801863.0,13073306.0,8500819.0,0.0172516150174732,20.445932514978058,0.0112177330448183,11.811094450408,19.596492691332,8.8853682730924
Türkiye Garanti Bankası A.Ş.,2022,1152171637.0,58509158.0,16627504.0,0.0507816336742543,20.864914378573523,0.0144314470744084,5.4412251147839,72.308835989121,16.563770238095
Türkiye Garanti Bankası A.Ş.,2023,1930055336.0,87331720.0,40763787.0,0.045248298518214,21.380814510954774,0.0211205276033598,5.045123697229,53.859408759332,23.743790118577
Türkiye Garanti Bankası A.Ş.,2024,2607672475.0,92174994.0,94124495.0,0.035347611666607,21.68172388838513,0.0360952136061489,3.3276230886148,58.506450730034,32.7921452
Türkiye Halk Bankası A.Ş.,2002,17409175.0,593718.0,63669.0,0.0341037412743567,16.672507924062145,0.0036572094886747,6.4355088481566,,1.5058395256917
Türkiye Halk Bankası A.Ş.,2003,19361047.0,485885.0,86115.0,0.0250960084958215,16.778773718928917,0.0044478483007659,5.7990932017934,,1.49306776
Türkiye Halk Bankası A.Ş.,2004,25709322.0,527723.0,111159.0,0.0205265234143475,17.062364207832506,0.0043236846152535,9.9254055215426,8.5982616811527,1.4223412301587
Türkiye Halk Bankası A.Ş.,2005,27052957.0,531767.0,155033.0,0.0196565203574603,17.113306873363527,0.00573072289288,9.1115774633457,8.17916036802,1.3407909448819
Türkiye Halk Bankası A.Ş.,2006,34424690.0,863498.0,231643.0,0.0250836826707807,17.35428459745493,0.006728978532559,7.0676260779544,9.5972421228844,1.4311067729084
Türkiye Halk Bankası A.Ş.,2007,40234454.0,1131039.0,296216.0,0.0281112053863089,17.510234251195655,0.0073622472918359,5.1081851387958,8.7561809097264,1.3015083333333
Türkiye Halk Bankası A.Ş.,2008,51095895.0,1018315.0,370268.0,0.0199294874862256,17.74921471926607,0.0072465312526573,0.92011821604875,10.444128376489,1.2929075697211
Türkiye Halk Bankası A.Ş.,2009,60650086.0,1631091.0,460590.0,0.02689346557563,17.920631611325298,0.0075942184154528,-4.8826940134567,6.2509766309063,1.5470646825397
Türkiye Halk Bankası A.Ş.,2010,72942385.0,2010393.0,525864.0,0.0275613828640234,18.10518044091827,0.0072093063587103,8.5421984780215,8.5664442055297,1.500364
Türkiye Halk Bankası A.Ş.,2011,91123660.0,2045134.0,728167.0,0.0224435015011469,18.32772804310953,0.0079909762184705,10.979962531414,6.471879671151,1.67
Türkiye Halk Bankası A.Ş.,2012,108281636.0,2595211.0,858424.0,0.0239672311563523,18.50024613157296,0.0079276969919442,4.8076269705277,8.8915699651216,1.7924972332016
Türkiye Halk Bankası A.Ş.,2013,139943507.0,2750843.0,930006.0,0.019656810515689,18.756749377708328,0.0066455816345948,8.4882568867256,7.493090305477,1.9013088
Türkiye Halk Bankası A.Ş.,2014,155423019.0,2205768.0,1022544.0,0.0141920290455817,18.861661112341167,0.0065791026746173,4.6007944759306,8.8545727136432,2.1878581673307
Türkiye Halk Bankası A.Ş.,2015,187729350.0,2315313.0,1194015.0,0.0123332499686383,19.05051185587512,0.0063603000809409,5.8055738647945,7.6708536484588,2.7200162055336
Türkiye Halk Bankası A.Ş.,2016,231440818.0,2558265.0,1375348.0,0.0110536465525281,19.25983475301927,0.005942547264934,3.323665083597,7.7751341532833,3.0212450199203
Türkiye Halk Bankası A.Ş.,2017,305350648.0,3725462.0,2027308.0,0.012200602895069,19.53697133978607,0.0066392785254544,7.825857301125,11.144311084076,3.6476845849802
Türkiye Halk Bankası A.Ş.,2018,378422055.0,2521795.0,1949657.0,0.0066639746988319,19.75152067832722,0.0051520702195859,3.4681530563351,16.332463898893,4.8134494023904
Türkiye Halk Bankası A.Ş.,2019,457045401.0,1720309.0,2778218.0,0.0037639783624034,19.94029328965706,0.0060786477534208,1.3016236542392,15.176821572002,5.6708297188755
Türkiye Halk Bankası A.Ş.,2020,680026095.0,2600045.0,2614865.0,0.0038234488633851,20.33764173039813,0.003845242144715,1.8030624719627,12.278957446257,7.0090301587302
Türkiye Halk Bankası A.Ş.,2021,901216593.0,1507729.0,4087789.0,0.0016729929427741,20.61925617847004,0.0045358563432486,11.811094450408,19.596492691332,8.8853682730924
Türkiye Halk Bankası A.Ş.,2022,1392140174.0,14753896.0,8461949.0,0.0105979960032386,21.05410809350141,0.0060783742600333,5.4412251147839,72.308835989121,16.563770238095
Türkiye Halk Bankası A.Ş.,2023,2195286886.0,10111965.0,18947469.0,0.0046062157363062,21.509578574705284,0.0086309762613869,5.045123697229,53.859408759332,23.743790118577
Türkiye Halk Bankası A.Ş.,2024,3008249912.0,15105453.0,39366878.0,0.0050213424555399,21.824624322029656,0.0130863057098296,3.3276230886148,58.506450730034,32.7921452
Türkiye Kalkınma ve Yatırım Bankası A.Ş.,2002,448620.0,-52107.0,2295.0,-0.1161495252106459,13.013931483222017,0.0051156881102046,6.4355088481566,,1.5058395256917
Türkiye Kalkınma ve Yatırım Bankası A.Ş.,2003,429299.0,-77246.0,2677.0,-0.179935196681101,12.96990892483654,0.0062357471133172,5.7990932017934,,1.49306776
Türkiye Kalkınma ve Yatırım Bankası A.Ş.,2004,517569.0,17886.0,2950.0,0.0345577111457602,13.156898128566896,0.0056997231287036,9.9254055215426,8.5982616811527,1.4223412301587
Türkiye Kalkınma ve Yatırım Bankası A.Ş.,2005,690000.0,26526.0,5070.0,0.0384434782608695,13.444446876573442,0.0073478260869565,9.1115774633457,8.17916036802,1.3407909448819
Türkiye Kalkınma ve Yatırım Bankası A.Ş.,2006,883819.0,156149.0,5996.0,0.1766753147420456,13.692007569524185,0.0067841945013628,7.0676260779544,9.5972421228844,1.4311067729084
Türkiye Kalkınma ve Yatırım Bankası A.Ş.,2007,817806.0,43088.0,7724.0,0.0526873121498252,13.61438042364292,0.0094447827479866,5.1081851387958,8.7561809097264,1.3015083333333
Türkiye Kalkınma ve Yatırım Bankası A.Ş.,2008,1023870.0,36679.0,11009.0,0.0358238838915096,13.83910012339736,0.0107523416058679,0.92011821604875,10.444128376489,1.2929075697211
Türkiye Kalkınma ve Yatırım Bankası A.Ş.,2009,1287044.0,25579.0,14309.0,0.0198742234142733,14.067858674028054,0.011117724024975,-4.8826940134567,6.2509766309063,1.5470646825397
Türkiye Kalkınma ve Yatırım Bankası A.Ş.,2010,1597201.0,21121.0,4817.0,0.0132237583121974,14.283763280266674,0.0030159009417099,8.5421984780215,8.5664442055297,1.500364
Türkiye Kalkınma ve Yatırım Bankası A.Ş.,2011,2793756.0,23761.0,5976.0,0.0085050376625589,14.842897484992717,0.0021390558087392,10.979962531414,6.471879671151,1.67
Türkiye Kalkınma ve Yatırım Bankası A.Ş.,2012,2870053.0,43630.0,5257.0,0.0152018098620478,14.869841054464247,0.0018316734917438,4.8076269705277,8.8915699651216,1.7924972332016
Türkiye Kalkınma ve Yatırım Bankası A.Ş.,2013,3556057.0,36621.0,4746.0,0.0102982038814338,15.084162904733809,0.00133462427627,8.4882568867256,7.493090305477,1.9013088
Türkiye Kalkınma ve Yatırım Bankası A.Ş.,2014,3914865.0,46903.0,8106.0,0.0119807451853384,15.180291404053875,0.0020705694832388,4.6007944759306,8.8545727136432,2.1878581673307
Türkiye Kalkınma ve Yatırım Bankası A.Ş.,2015,4774366.0,62740.0,9991.0,0.01314101181183,15.378771748212497,0.0020926338701306,5.8055738647945,7.6708536484588,2.7200162055336
Türkiye Kalkınma ve Yatırım Bankası A.Ş.,2016,7042517.0,71120.0,19596.0,0.0100986621686536,15.767476192645264,0.0027825278945013,3.323665083597,7.7751341532833,3.0212450199203
Türkiye Kalkınma ve Yatırım Bankası A.Ş.,2017,8983163.0,128266.0,12718.0,0.0142784896589319,16.010862605432447,0.0014157596828644,7.825857301125,11.144311084076,3.6476845849802
Türkiye Kalkınma ve Yatırım Bankası A.Ş.,2018,15714810.0,160293.0,26425.0,0.0102001233231582,16.570114137781186,0.001681534806975,3.4681530563351,16.332463898893,4.8134494023904
Türkiye Kalkınma ve Yatırım Bankası A.Ş.,2019,19375918.0,447106.0,14516.0,0.0230753453849257,16.779541512726418,0.0007491774067169,1.3016236542392,15.176821572002,5.6708297188755
Türkiye Kalkınma ve Yatırım Bankası A.Ş.,2020,28073370.0,501840.0,20623.0,0.0178760155976998,17.150331998132156,0.0007346107717028,1.8030624719627,12.278957446257,7.0090301587302
Türkiye Kalkınma ve Yatırım Bankası A.Ş.,2021,48380734.0,813924.0,39134.0,0.0168233082201688,17.694612234589563,0.0008088756983306,11.811094450408,19.596492691332,8.8853682730924
Türkiye Kalkınma ve Yatırım Bankası A.Ş.,2022,91598152.0,1691368.0,69021.0,0.0184650886843219,18.33292165476836,0.0007535195688227,5.4412251147839,72.308835989121,16.563770238095
Türkiye Kalkınma ve Yatırım Bankası A.Ş.,2023,134847474.0,4043375.0,109072.0,0.0299848034231623,18.719654875450207,0.0008088546026453,5.045123697229,53.859408759332,23.743790118577
Türkiye Kalkınma ve Yatırım Bankası A.Ş.,2024,153596085.0,6167585.0,202039.0,0.0401545716480989,18.849836890071764,0.0013153915999877,3.3276230886148,58.506450730034,32.7921452
Türkiye Sınai Kalkınma Bankası A.Ş.,2002,1604475.0,18063.0,11444.0,0.0112578880942364,14.288307158232724,0.0071325511460134,6.4355088481566,,1.5058395256917
Türkiye Sınai Kalkınma Bankası A.Ş.,2003,1618806.0,40850.0,13970.0,0.0252346482530951,14.2971993984262,0.0086298172850854,5.7990932017934,,1.49306776
Türkiye Sınai Kalkınma Bankası A.Ş.,2004,2285451.0,47137.0,9321.0,0.0206248132206728,14.642073937014151,0.0040784072815387,9.9254055215426,8.5982616811527,1.4223412301587
Türkiye Sınai Kalkınma Bankası A.Ş.,2005,3324015.0,100025.0,8331.0,0.0300916211268601,15.016683947582672,0.0025063063794838,9.1115774633457,8.17916036802,1.3407909448819
Türkiye Sınai Kalkınma Bankası A.Ş.,2006,4062316.0,106402.0,15322.0,0.0261924478548689,15.21726381228671,0.0037717400615806,7.0676260779544,9.5972421228844,1.4311067729084
Türkiye Sınai Kalkınma Bankası A.Ş.,2007,4883469.0,147481.0,4795.0,0.0302000483672569,15.401366385943303,0.00098188398452,5.1081851387958,8.7561809097264,1.3015083333333
Türkiye Sınai Kalkınma Bankası A.Ş.,2008,6208857.0,118981.0,3842.0,0.0191631084433092,15.6414873789979,0.0006187934429799,0.92011821604875,10.444128376489,1.2929075697211
Türkiye Sınai Kalkınma Bankası A.Ş.,2009,6904629.0,174888.0,6972.0,0.0253290944379488,15.747702614200312,0.0010097573671228,-4.8826940134567,6.2509766309063,1.5470646825397
Türkiye Sınai Kalkınma Bankası A.Ş.,2010,7912098.0,211629.0,13521.0,0.0267475200635785,15.883903538456712,0.0017089019878166,8.5421984780215,8.5664442055297,1.500364
Türkiye Sınai Kalkınma Bankası A.Ş.,2011,9455901.0,255342.0,9898.0,0.0270034553026729,16.062149549030064,0.0010467537678323,10.979962531414,6.471879671151,1.67
Türkiye Sınai Kalkınma Bankası A.Ş.,2012,10289598.0,307264.0,12223.0,0.0298616136412715,16.146644039991703,0.0011878986914746,4.8076269705277,8.8915699651216,1.7924972332016
Türkiye Sınai Kalkınma Bankası A.Ş.,2013,12911157.0,326057.0,10705.0,0.0252538947516477,16.37360237925642,0.0008291278620498,8.4882568867256,7.493090305477,1.9013088
Türkiye Sınai Kalkınma Bankası A.Ş.,2014,15700713.0,369274.0,11164.0,0.0235195688246769,16.56921668330009,0.0007110505108908,4.6007944759306,8.8545727136432,2.1878581673307
Türkiye Sınai Kalkınma Bankası A.Ş.,2015,20734585.0,406845.0,11418.0,0.0196215646467001,16.847313636994038,0.0005506741514238,5.8055738647945,7.6708536484588,2.7200162055336
Türkiye Sınai Kalkınma Bankası A.Ş.,2016,24001573.0,476445.0,4935.0,0.0198505739602983,16.993629927831126,0.000205611523878,3.323665083597,7.7751341532833,3.0212450199203
Türkiye Sınai Kalkınma Bankası A.Ş.,2017,28910252.0,595668.0,14435.0,0.0206040403936984,17.17970683066156,0.00049930384557,7.825857301125,11.144311084076,3.6476845849802
Türkiye Sınai Kalkınma Bankası A.Ş.,2018,38298111.0,660926.0,19001.0,0.0172574046798287,17.46091113178572,0.0004961341304796,3.4681530563351,16.332463898893,4.8134494023904
Türkiye Sınai Kalkınma Bankası A.Ş.,2019,42000098.0,701645.0,29758.0,0.0167057943531465,17.553182509578253,0.0007085221563054,1.3016236542392,15.176821572002,5.6708297188755
Türkiye Sınai Kalkınma Bankası A.Ş.,2020,51466359.0,732829.0,50145.0,0.0142389905608049,17.756438928889697,0.0009743257726858,1.8030624719627,12.278957446257,7.0090301587302
Türkiye Sınai Kalkınma Bankası A.Ş.,2021,84096485.0,1089008.0,70855.0,0.012949506748112,18.247475328588152,0.0008425441324925,11.811094450408,19.596492691332,8.8853682730924
Türkiye Sınai Kalkınma Bankası A.Ş.,2022,115575372.0,4055034.0,158468.0,0.0350856236050012,18.565433446522547,0.0013711225606091,5.4412251147839,72.308835989121,16.563770238095
Türkiye Sınai Kalkınma Bankası A.Ş.,2023,176884037.0,7041477.0,453211.0,0.0398084367556581,18.9910049176361,0.002562192765874,5.045123697229,53.859408759332,23.743790118577
Türkiye Sınai Kalkınma Bankası A.Ş.,2024,231260357.0,10134599.0,513873.0,0.0438233302562963,19.259054720380927,0.0022220539943212,3.3276230886148,58.506450730034,32.7921452
Türkiye Vakıflar Bankası T.A.O.,2002,12733306.0,306100.0,223318.0,0.0240393186184326,16.35973163830953,0.0175381004744565,6.4355088481566,,1.5058395256917
Türkiye Vakıflar Bankası T.A.O.,2003,17118192.0,231989.0,210891.0,0.0135521905584421,16.655652315624373,0.0123197005852019,5.7990932017934,,1.49306776
Türkiye Vakıflar Bankası T.A.O.,2004,24199088.0,623928.0,250222.0,0.0257831204217282,17.001825504466368,0.0103401417441847,9.9254055215426,8.5982616811527,1.4223412301587
Türkiye Vakıflar Bankası T.A.O.,2005,32382800.0,535170.0,293672.0,0.0165263658485368,17.29313797560674,0.0090687648998851,9.1115774633457,8.17916036802,1.3407909448819
Türkiye Vakıflar Bankası T.A.O.,2006,37033963.0,769730.0,288374.0,0.0207844350873278,17.427345968497473,0.0077867442919894,7.0676260779544,9.5972421228844,1.4311067729084
Türkiye Vakıflar Bankası T.A.O.,2007,42408476.3461,1030700.0,360490.0,0.0243041035378953,17.562858814045192,0.0085004232893915,5.1081851387958,8.7561809097264,1.3015083333333
Türkiye Vakıflar Bankası T.A.O.,2008,52193493.0,753198.0,466215.0,0.0144308793435227,17.770468389910352,0.0089324353133445,0.92011821604875,10.444128376489,1.2929075697211
Türkiye Vakıflar Bankası T.A.O.,2009,64797642.0,1251206.0,465547.0,0.0193094372168666,17.986779771771523,0.0071846287246069,-4.8826940134567,6.2509766309063,1.5470646825397
Türkiye Vakıflar Bankası T.A.O.,2010,73961686.57,1157140.0,443282.0,0.0156451272768751,18.11905776803607,0.0059934003746718,8.5421984780215,8.5664442055297,1.500364
Türkiye Vakıflar Bankası T.A.O.,2011,89184466.0,1226785.0,559307.0,0.0137555905756053,18.306217434402654,0.0062713499904792,10.979962531414,6.471879671151,1.67
Türkiye Vakıflar Bankası T.A.O.,2012,104580263.0,1460080.0,447700.0,0.0139613341764114,18.46546540154229,0.0042809224910822,4.8076269705277,8.8915699651216,1.7924972332016
Türkiye Vakıflar Bankası T.A.O.,2013,135496043.0,1585539.0,686511.0,0.0117017365591997,18.724452994905587,0.0050666498061496,8.4882568867256,7.493090305477,1.9013088
Türkiye Vakıflar Bankası T.A.O.,2014,158217726.0,1753273.0,709334.0,0.0110813942554072,18.87948265506137,0.0044832776828052,4.6007944759306,8.8545727136432,2.1878581673307
Türkiye Vakıflar Bankası T.A.O.,2015,182947124.0,1930109.0,921084.0,0.0105500920582933,19.02470772916381,0.0050347006274884,5.8055738647945,7.6708536484588,2.7200162055336
Türkiye Vakıflar Bankası T.A.O.,2016,212539905.0,2703042.0,980883.0,0.0127178093920762,19.174640316934035,0.0046150533472761,3.323665083597,7.7751341532833,3.0212450199203
Türkiye Vakıflar Bankası T.A.O.,2017,270571710.0,3723383.0,1330665.0,0.0137611688967778,19.41604772278116,0.0049179753493075,7.825857301125,11.144311084076,3.6476845849802
Türkiye Vakıflar Bankası T.A.O.,2018,331355641.0,4154322.0,2293210.0,0.01253735106927,19.61870280064815,0.006920690992552,3.4681530563351,16.332463898893,4.8134494023904
Türkiye Vakıflar Bankası T.A.O.,2019,419425553.0,2802291.0,3978688.0,0.0066812595941191,19.854396602091587,0.0094860410185833,1.3016236542392,15.176821572002,5.6708297188755
Türkiye Vakıflar Bankası T.A.O.,2020,698897118.0,5010456.0,3395062.0,0.0071690895139733,20.36501410481602,0.0048577421662797,1.8030624719627,12.278957446257,7.0090301587302
Türkiye Vakıflar Bankası T.A.O.,2021,1007213697.0,4175464.0,4501363.0,0.0041455591920926,20.73045363968852,0.0044691240929381,11.811094450408,19.596492691332,8.8853682730924
Türkiye Vakıflar Bankası T.A.O.,2022,1681060623.0,24017232.0,10792735.0,0.0142869517442738,21.2426907543752,0.0064201938064193,5.4412251147839,72.308835989121,16.563770238095
Türkiye Vakıflar Bankası T.A.O.,2023,2796634132.0,25045910.0,25745988.0,0.0089557335060087,21.751682435316685,0.0092060622823007,5.045123697229,53.859408759332,23.743790118577
Türkiye Vakıflar Bankası T.A.O.,2024,4021485697.0,40375301.0,46473551.0,0.0100398967053692,22.114917247668977,0.0115563138853555,3.3276230886148,58.506450730034,32.7921452
Türkiye İş Bankası A.Ş.,2002,23731290.0,310816.0,261389.0,0.0130973073945832,16.982304988502047,0.0110145297621831,6.4355088481566,,1.5058395256917
Türkiye İş Bankası A.Ş.,2003,31062770.0,423106.0,484304.0,0.013621000316456,17.251520553936263,0.0155911401333493,5.7990932017934,,1.49306776
Türkiye İş Bankası A.Ş.,2004,38513774.0,635455.0,709500.0,0.0164994217393496,17.4665265015087,0.01842198066593,9.9254055215426,8.5982616811527,1.4223412301587
Türkiye İş Bankası A.Ş.,2005,63712468.0,955628.0,893866.0,0.014999073650702,17.96989083137408,0.0140296872505394,9.1115774633457,8.17916036802,1.3407909448819
Türkiye İş Bankası A.Ş.,2006,75204758.0,1109217.7387,1044657.0,0.0147493026797586,18.13572505819512,0.0138908365345713,7.0676260779544,9.5972421228844,1.4311067729084
Türkiye İş Bankası A.Ş.,2007,80180917.0,1701807.0,1074511.0,0.0212245888881515,18.19979610188051,0.0134010814568259,5.1081851387958,8.7561809097264,1.3015083333333
Türkiye İş Bankası A.Ş.,2008,97551922.0,1509408.0,1204214.0,0.0154728678744023,18.395895327555856,0.0123443390484915,0.92011821604875,10.444128376489,1.2929075697211
Türkiye İş Bankası A.Ş.,2009,113223304.0,2372407.0,1252604.0,0.0209533454349645,18.544872568270296,0.0110631288413911,-4.8826940134567,6.2509766309063,1.5470646825397
Türkiye İş Bankası A.Ş.,2010,131796494.0,2982210.0,1236425.0,0.0226273849135926,18.6967695787684,0.0093813193543676,8.5421984780215,8.5664442055297,1.500364
Türkiye İş Bankası A.Ş.,2011,161668504.0,2667487.0,1428583.0,0.0164997320690244,18.90105852511752,0.0088364954499733,10.979962531414,6.471879671151,1.67
Türkiye İş Bankası A.Ş.,2012,175444450.0,3310307.0,1706227.0,0.018868120365164,18.982833026549308,0.0097251694197223,4.8076269705277,8.8915699651216,1.7924972332016
Türkiye İş Bankası A.Ş.,2013,210500037.0,3163365.0,1919086.0,0.0150278595913025,19.164996386858665,0.0091167964972851,8.4882568867256,7.493090305477,1.9013088
Türkiye İş Bankası A.Ş.,2014,237771975.0,3382442.0,2003778.0,0.014225570528234,19.286822684140557,0.008427309400109,4.6007944759306,8.8545727136432,2.1878581673307
Türkiye İş Bankası A.Ş.,2015,275717584.0,3082691.0,2388802.0,0.0111806108093562,19.43488765343064,0.008663945060537,5.8055738647945,7.6708536484588,2.7200162055336
Türkiye İş Bankası A.Ş.,2016,311625913.0,4701206.0,2840357.0,0.015086056081607,19.557314029607152,0.0091146367535873,3.323665083597,7.7751341532833,3.0212450199203
Türkiye İş Bankası A.Ş.,2017,362352525.0,5307905.0,3373715.0,0.0146484559476989,19.708128121896003,0.0093105878039624,7.825857301125,11.144311084076,3.6476845849802
Türkiye İş Bankası A.Ş.,2018,416387604.0,6769085.0,4405201.0,0.01625669192592,19.84712712480952,0.0105795680699466,3.4681530563351,16.332463898893,4.8134494023904
Türkiye İş Bankası A.Ş.,2019,468059471.0,6067587.0,5569128.0,0.0129632821808662,19.96410592059493,0.0118983341755731,1.3016236542392,15.176821572002,5.6708297188755
Türkiye İş Bankası A.Ş.,2020,593902432.0,6810917.0,5617613.0,0.0114680739344067,20.202225607943188,0.0094588146087941,1.8030624719627,12.278957446257,7.0090301587302
Türkiye İş Bankası A.Ş.,2021,926569024.0,13467895.0,7619945.0,0.0145352312144637,20.646999100644887,0.0082238287732787,11.811094450408,19.596492691332,8.8853682730924
Türkiye İş Bankası A.Ş.,2022,1408322668.0,61537880.0,16146898.0,0.043695867004251,21.065665236041013,0.0114653398449736,5.4412251147839,72.308835989121,16.563770238095
Türkiye İş Bankası A.Ş.,2023,2453783299.0,72264798.0,42437948.0,0.0294503585664839,21.62089687412002,0.0172949045733968,5.045123697229,53.859408759332,23.743790118577
Türkiye İş Bankası A.Ş.,2024,3323776437.0,45517445.0,91410738.0,0.0136944965652032,21.924367454457528,0.0275020717345557,3.3276230886148,58.506450730034,32.7921452
Yapı ve Kredi Bankası A.Ş.,2002,18825275.0,1101454.0,384456.0,0.0585093179249705,16.750710939777264,0.0204223311478849,6.4355088481566,,1.5058395256917
Yapı ve Kredi Bankası A.Ş.,2003,20931090.0,162279.0,427492.0,0.0077530123849259,16.85674617142258,0.020423781083546,5.7990932017934,,1.49306776
Yapı ve Kredi Bankası A.Ş.,2004,24624008.0,-58871.0,478657.0,-0.0023907968191043,17.019232459947034,0.0194386307866696,9.9254055215426,8.5982616811527,1.4223412301587
Yapı ve Kredi Bankası A.Ş.,2005,23866400.0,-2996274.0,506871.0,-0.1255436094258036,16.987982170015986,0.0212378490262461,9.1115774633457,8.17916036802,1.3407909448819
Yapı ve Kredi Bankası A.Ş.,2006,48887288.0,512239.0,851816.0,0.0104779590146215,17.70502796154967,0.0174240796503172,7.0676260779544,9.5972421228844,1.4311067729084
Yapı ve Kredi Bankası A.Ş.,2007,50352909.0,709185.0,973785.0,0.0140842905421809,17.734566951030903,0.0193392004422227,5.1081851387958,8.7561809097264,1.3015083333333
Yapı ve Kredi Bankası A.Ş.,2008,63723133.0,1042601.0,1262736.0,0.0163614208987495,17.970058210033436,0.0198159748360144,0.92011821604875,10.444128376489,1.2929075697211
Yapı ve Kredi Bankası A.Ş.,2009,64560412.0,1354777.0,1436423.0,0.0209846399369322,17.983111963566074,0.022249284902333,-4.8826940134567,6.2509766309063,1.5470646825397
Yapı ve Kredi Bankası A.Ş.,2010,84776146.0,2060290.0,1596238.0,0.0243027089247487,18.25552476402085,0.0188288578251717,8.5421984780215,8.5664442055297,1.500364
Yapı ve Kredi Bankası A.Ş.,2011,108102977.0,1857486.0,1826778.0,0.0171825610315986,18.498594821545684,0.016898498549212,10.979962531414,6.471879671151,1.67
Yapı ve Kredi Bankası A.Ş.,2012,122180207.0,1913472.0,1761005.0,0.0156610636614816,18.6210076194061,0.0144131774142435,4.8076269705277,8.8915699651216,1.7924972332016
Yapı ve Kredi Bankası A.Ş.,2013,148881312.0,3202975.0,2006317.0,0.0215136134748731,18.818659982725855,0.0134759492178575,8.4882568867256,7.493090305477,1.9013088
Yapı ve Kredi Bankası A.Ş.,2014,181201285.0,1844966.0,2200615.0,0.0101818593615381,19.015119043159487,0.0121445882682344,4.6007944759306,8.8545727136432,2.1878581673307
Yapı ve Kredi Bankası A.Ş.,2015,220369420.0,1860545.0,2688104.0,0.0084428456543562,19.21081587788528,0.0121981715974929,5.8055738647945,7.6708536484588,2.7200162055336
Yapı ve Kredi Bankası A.Ş.,2016,252819538.0,2932795.0,2825515.0,0.0116003494951406,19.348186503642943,0.0111760152017997,3.323665083597,7.7751341532833,3.0212450199203
Yapı ve Kredi Bankası A.Ş.,2017,297810320.0,3614081.0,3136135.0,0.0121355129667769,19.51196733174403,0.0105306458150946,7.825857301125,11.144311084076,3.6476845849802
Yapı ve Kredi Bankası A.Ş.,2018,348043591.0,4667426.0,4016348.0,0.0134104638634187,19.667838291388435,0.0115397843944208,3.4681530563351,16.332463898893,4.8134494023904
Yapı ve Kredi Bankası A.Ş.,2019,387495827.0,3600060.0,5286993.0,0.0092905774698833,19.775215637667433,0.0136439998359001,1.3016236542392,15.176821572002,5.6708297188755
Yapı ve Kredi Bankası A.Ş.,2020,459694058.0,5079518.0,5246814.0,0.0110497795470743,19.94607173487173,0.011413708549611,1.8030624719627,12.278957446257,7.0090301587302
Yapı ve Kredi Bankası A.Ş.,2021,736769766.0,10489758.0,7314676.0,0.0142374979051461,20.41778600786149,0.0099280349677106,11.811094450408,19.596492691332,8.8853682730924
Yapı ve Kredi Bankası A.Ş.,2022,1108093593.0,52744689.0,14133922.0,0.0475994891886357,20.825906891920702,0.0127551698604578,5.4412251147839,72.308835989121,16.563770238095
Yapı ve Kredi Bankası A.Ş.,2023,1738651135.0,68008836.0,34481986.0,0.0391158609285927,21.276375439772263,0.0198326077646393,5.045123697229,53.859408759332,23.743790118577
Yapı ve Kredi Bankası A.Ş.,2024,2380585799.0,29016823.0,73097483.0,0.0121889423234352,21.5906124283774,0.0307056704407401,3.3276230886148,58.506450730034,32.7921452
İller Bankası A.Ş.,2002,1845493.0,358077.0,-762.0,0.1940278288782455,14.428257008434972,-0.0004128978002083,6.4355088481566,,1.5058395256917
İller Bankası A.Ş.,2003,2309893.0,158946.0,-895.0,0.0688109795561958,14.652711761078836,-0.0003874638349049,5.7990932017934,,1.49306776
İller Bankası A.Ş.,2004,3035220.0,154.0,294.0,5.07376730517063e-05,14.925794467492786,9.68628303714393e-05,9.9254055215426,8.5982616811527,1.4223412301587
İller Bankası A.Ş.,2005,3678394.0,121290.0,365.0,0.0329736292523313,15.117986801845747,9.922808704015936e-05,9.1115774633457,8.17916036802,1.3407909448819
İller Bankası A.Ş.,2006,4444513.0,159675.0,583.0,0.035926320836501,15.307180859623028,0.0001311729766568,7.0676260779544,9.5972421228844,1.4311067729084
İller Bankası A.Ş.,2007,5612711.0,198126.0,1292.0,0.0352995192519265,15.540544404980771,0.0002301917914533,5.1081851387958,8.7561809097264,1.3015083333333
İller Bankası A.Ş.,2008,6910160.0,301977.0,8326.0,0.0437004353010639,15.74850335032383,0.0012048925061069,0.92011821604875,10.444128376489,1.2929075697211
İller Bankası A.Ş.,2009,8008539.0,345115.0,29920.0,0.0430933782054379,15.89601890540444,0.0037360122738991,-4.8826940134567,6.2509766309063,1.5470646825397
İller Bankası A.Ş.,2010,9677150.0,240289.0,30239.0,0.0248305544504322,16.085277994414643,0.0031247836398113,8.5421984780215,8.5664442055297,1.500364
İller Bankası A.Ş.,2011,11392823.0,246899.0,13334.0,0.0216714505263533,16.248494153704222,0.00117038595263,10.979962531414,6.471879671151,1.67
İller Bankası A.Ş.,2012,12641596.0,291588.0,12551.0,0.0230657584691046,16.352503204534912,0.0009928334998207,4.8076269705277,8.8915699651216,1.7924972332016
İller Bankası A.Ş.,2013,14713988.0,327120.0,13264.0,0.0222319061290521,16.504309163924198,0.0009014551323543,8.4882568867256,7.493090305477,1.9013088
İller Bankası A.Ş.,2014,16297141.0,524543.0,12366.0,0.0321861975668002,16.60650025161982,0.0007587833964251,4.6007944759306,8.8545727136432,2.1878581673307
İller Bankası A.Ş.,2015,18430828.0,576078.0,13311.0,0.0312562191997017,16.729535255386693,0.0007222138907703,5.8055738647945,7.6708536484588,2.7200162055336
İller Bankası A.Ş.,2016,21843394.0,820938.0,12997.0,0.0375828957716003,16.899409099697596,0.0005950082665724,3.323665083597,7.7751341532833,3.0212450199203
İller Bankası A.Ş.,2017,24988689.0,985808.0,13695.0,0.0394501688343874,17.033933840450615,0.0005480479588184,7.825857301125,11.144311084076,3.6476845849802
İller Bankası A.Ş.,2018,32220920.0,1323149.0,16235.0,0.041064904416137,17.288126488998813,0.0005038651906897,3.4681530563351,16.332463898893,4.8134494023904
İller Bankası A.Ş.,2019,36087518.0,1782066.0,35271.0,0.0493817834742749,17.401457601740873,0.0009773739496298,1.3016236542392,15.176821572002,5.6708297188755
İller Bankası A.Ş.,2020,46879330.0,2073226.0,33085.0,0.0442247361470396,17.663087411322028,0.000705748141025,1.8030624719627,12.278957446257,7.0090301587302
İller Bankası A.Ş.,2021,62935996.0,2655536.0,12956.0,0.0421942317398138,17.957628831434583,0.0002058599342735,11.811094450408,19.596492691332,8.8853682730924
İller Bankası A.Ş.,2022,92821750.0,3361442.0,8308.0,0.0362139477008352,18.3461915452949,8.950488436169324e-05,5.4412251147839,72.308835989121,16.563770238095
İller Bankası A.Ş.,2023,149893906.0,4127268.0,311773.0,0.0275345950355046,18.82543830847726,0.0020799578069571,5.045123697229,53.859408759332,23.743790118577
İller Bankası A.Ş.,2024,208591658.0,17207394.0,766642.0,0.0824932030599229,19.15588910931904,0.0036753243506986,3.3276230886148,58.506450730034,32.7921452
İstanbul Takas ve Saklama Bankası A.Ş.,2002,214721.0,23806.0,6054.0,0.1108694538494139,12.277094789982629,0.0281947271109952,6.4355088481566,,1.5058395256917
İstanbul Takas ve Saklama Bankası A.Ş.,2003,279490.0,34228.0,4293.0,0.1224659200686965,12.540721792761923,0.0153601202189702,5.7990932017934,,1.49306776
İstanbul Takas ve Saklama Bankası A.Ş.,2004,325316.0,30940.0,3019.0,0.0951075262206593,12.692552296619237,0.0092802075520417,9.9254055215426,8.5982616811527,1.4223412301587
İstanbul Takas ve Saklama Bankası A.Ş.,2005,442767.0,42955.0,2683.0,0.0970149085184758,13.00079895129418,0.006059620522758,9.1115774633457,8.17916036802,1.3407909448819
İstanbul Takas ve Saklama Bankası A.Ş.,2006,594961.0,32561.0,506.0,0.0547279569585233,13.296251136161032,0.0008504759135472,7.0676260779544,9.5972421228844,1.4311067729084
İstanbul Takas ve Saklama Bankası A.Ş.,2007,1256680.0,39020.0,388.0,0.0310500684342871,14.043983880779374,0.0003087500397873,5.1081851387958,8.7561809097264,1.3015083333333
İstanbul Takas ve Saklama Bankası A.Ş.,2008,1408378.0,45208.0,240.0,0.0320993369677742,14.157949245578692,0.000170408796502,0.92011821604875,10.444128376489,1.2929075697211
İstanbul Takas ve Saklama Bankası A.Ş.,2009,1491020.0,37528.0,17806.0,0.0251693471583211,14.214971007473142,0.0119421604002629,-4.8826940134567,6.2509766309063,1.5470646825397
İstanbul Takas ve Saklama Bankası A.Ş.,2010,1504735.0,28048.0,20841.0,0.0186398269462729,14.224127360927035,0.0138502792850568,8.5421984780215,8.5664442055297,1.500364
İstanbul Takas ve Saklama Bankası A.Ş.,2011,2355782.0,34844.0,45081.0,0.0147908422765773,14.672383289761102,0.0191363207631266,10.979962531414,6.471879671151,1.67
İstanbul Takas ve Saklama Bankası A.Ş.,2012,3671623.0,55168.0,43848.0,0.0150255077931476,15.116144356606396,0.0119424025832717,4.8076269705277,8.8915699651216,1.7924972332016
İstanbul Takas ve Saklama Bankası A.Ş.,2013,5596026.0,81809.0,59130.0,0.0146191243571777,15.537567260932557,0.0105664269608468,8.4882568867256,7.493090305477,1.9013088
İstanbul Takas ve Saklama Bankası A.Ş.,2014,5495623.0,121492.0,73165.0,0.0221070477359891,15.519462515189486,0.0133133222566395,4.6007944759306,8.8545727136432,2.1878581673307
İstanbul Takas ve Saklama Bankası A.Ş.,2015,7092438.0,174728.0,87070.0,0.0246358163441118,15.774539703998457,0.0122764555714128,5.8055738647945,7.6708536484588,2.7200162055336
İstanbul Takas ve Saklama Bankası A.Ş.,2016,8006348.0,211565.0,110332.0,0.026424657034643,15.895745284989426,0.013780565121576,3.323665083597,7.7751341532833,3.0212450199203
İstanbul Takas ve Saklama Bankası A.Ş.,2017,10564429.0,276371.0,149602.0,0.0261605241513762,16.17300316119218,0.014160916789729,7.825857301125,11.144311084076,3.6476845849802
İstanbul Takas ve Saklama Bankası A.Ş.,2018,11795183.0,479740.0,214981.0,0.0406725355596432,16.283201785752304,0.0182261691064903,3.4681530563351,16.332463898893,4.8134494023904
İstanbul Takas ve Saklama Bankası A.Ş.,2019,16709165.0,615988.0,279622.0,0.0368652772295922,16.631467929245233,0.0167346483202482,1.3016236542392,15.176821572002,5.6708297188755
İstanbul Takas ve Saklama Bankası A.Ş.,2020,25388236.0,539374.0,403113.0,0.0212450364806755,17.049796475095558,0.0158779444148856,1.8030624719627,12.278957446257,7.0090301587302
İstanbul Takas ve Saklama Bankası A.Ş.,2021,45024011.0,890757.0,604122.0,0.019784043673941,17.622706483210365,0.0134177739073491,11.811094450408,19.596492691332,8.8853682730924
İstanbul Takas ve Saklama Bankası A.Ş.,2022,85804572.0,1732121.0,1194564.0,0.0201868147538804,18.26758284975179,0.0139219154895382,5.4412251147839,72.308835989121,16.563770238095
İstanbul Takas ve Saklama Bankası A.Ş.,2023,121341014.0,3639129.0,2650188.0,0.0299909229372353,18.614115437127207,0.0218408262189073,5.045123697229,53.859408759332,23.743790118577
İstanbul Takas ve Saklama Bankası A.Ş.,2024,192684735.0,8273951.0,5578774.0,0.0429403553945256,19.076565913848263,0.0289528591873144,3.3276230886148,58.506450730034,32.7921452
Şekerbank T.A.Ş.,2002,2191348.0,10343.0,68285.0,0.0047199258173507,14.600027437548954,0.0311611848049693,6.4355088481566,,1.5058395256917
Şekerbank T.A.Ş.,2003,2549068.0,59216.0,71957.0,0.0232304512865094,14.75123836013071,0.0282287487034476,5.7990932017934,,1.49306776
Şekerbank T.A.Ş.,2004,3114256.0,82375.0,98439.0,0.02645094044934,14.951500837374082,0.0316091548029449,9.9254055215426,8.5982616811527,1.4223412301587
Şekerbank T.A.Ş.,2005,3137819.0,37030.0,93477.0,0.0118011905721776,14.95903853056057,0.0297904372431934,9.1115774633457,8.17916036802,1.3407909448819
Şekerbank T.A.Ş.,2006,4006314.0,52001.0,102302.0,0.0129797614465566,15.20338217456252,0.0255351926983256,7.0676260779544,9.5972421228844,1.4311067729084
Şekerbank T.A.Ş.,2007,6088402.0,122861.0,90805.0,0.0201795150845821,15.621896207881123,0.0149144225364882,5.1081851387958,8.7561809097264,1.3015083333333
Şekerbank T.A.Ş.,2008,8041338.0,144307.0,93955.0,0.0179456453639929,15.900106045219673,0.0116840008466252,0.92011821604875,10.444128376489,1.2929075697211
Şekerbank T.A.Ş.,2009,8954704.0,152488.0,103082.0,0.0170288152461544,16.00768953877096,0.0115114916137931,-4.8826940134567,6.2509766309063,1.5470646825397
Şekerbank T.A.Ş.,2010,11369104.0,170247.0,110494.0,0.0149745309744725,16.2464100587517,0.0097187957819719,8.5421984780215,8.5664442055297,1.500364
Şekerbank T.A.Ş.,2011,14399424.0,118044.0,183010.0,0.0081978279131165,16.482698763746207,0.0127095361592241,10.979962531414,6.471879671151,1.67
Şekerbank T.A.Ş.,2012,14517918.0,240302.0,199217.0,0.0165520978972329,16.49089416865007,0.0137221466604233,4.8076269705277,8.8915699651216,1.7924972332016
Şekerbank T.A.Ş.,2013,18725017.0,210216.0,225769.0,0.0112264784592718,16.745370995244315,0.0120570785062571,8.4882568867256,7.493090305477,1.9013088
Şekerbank T.A.Ş.,2014,21187288.0,223969.0,245691.0,0.0105709140310926,16.86891193715518,0.0115961514281582,4.6007944759306,8.8545727136432,2.1878581673307
Şekerbank T.A.Ş.,2015,24415966.0,102649.0,285916.0,0.0042041752515546,17.01074782053586,0.0117102063461261,5.8055738647945,7.6708536484588,2.7200162055336
Şekerbank T.A.Ş.,2016,23818856.0,125194.0,287212.0,0.0052560878658488,16.985988093869924,0.0120581777731054,3.323665083597,7.7751341532833,3.0212450199203
Şekerbank T.A.Ş.,2017,31346461.0,114890.0,331103.0,0.0036651665398527,17.260611931908652,0.0105626915906073,7.825857301125,11.144311084076,3.6476845849802
Şekerbank T.A.Ş.,2018,31321320.0,86358.0,351405.0,0.0027571634911938,17.259809573792644,0.0112193547398385,3.4681530563351,16.332463898893,4.8134494023904
Şekerbank T.A.Ş.,2019,30596129.0,-684082.0,374908.0,-0.02235844933194,17.236384055652422,0.0122534455257395,1.3016236542392,15.176821572002,5.6708297188755
Şekerbank T.A.Ş.,2020,37504455.0,52617.0,222210.0,0.0014029533291444,17.439970283884477,0.0059248961223406,1.8030624719627,12.278957446257,7.0090301587302
Şekerbank T.A.Ş.,2021,50764830.0,254789.0,414504.0,0.00501900626871,17.742714349947942,0.0081651804999642,11.811094450408,19.596492691332,8.8853682730924
Şekerbank T.A.Ş.,2022,63244174.0,1502150.0,382574.0,0.0237515948899893,17.962513570657517,0.0060491579825202,5.4412251147839,72.308835989121,16.563770238095
Şekerbank T.A.Ş.,2023,81367575.0,2445692.0,818514.0,0.0300573293477162,18.214487410090367,0.0100594616467309,5.045123697229,53.859408759332,23.743790118577
Şekerbank T.A.Ş.,2024,117110743.0,2025243.0,544140.0,0.0172934006575297,18.578630566460664,0.0046463713410135,3.3276230886148,58.506450730034,32.7921452
